	benignus [Clinical anchor / Course, prognosis, mechanism]	dekompenzált [Clinical anchor / Course, prognosis, mechanism]	gyógyszerrezisztens [Clinical anchor / Course, prognosis, mechanism]	iatrogén [Clinical anchor / Course, prognosis, mechanism]	idiopátiás [Clinical anchor / Course, prognosis, mechanism]	malignus [Clinical anchor / Course, prognosis, mechanism]	multifaktoriális [Clinical anchor / Course, prognosis, mechanism]	neurodegeneratív [Clinical anchor / Course, prognosis, mechanism]	terápiarezisztens [Clinical anchor / Course, prognosis, mechanism]	juvenilis [Clinical anchor / Diagnostic and procedural descriptors]	kontraindikált [Clinical anchor / Diagnostic and procedural descriptors]	patológiás [Clinical anchor / Diagnostic and procedural descriptors]	posztoperatív [Clinical anchor / Diagnostic and procedural descriptors]	szisztémás [Clinical anchor / Diagnostic and procedural descriptors]	szubklinikai [Clinical anchor / Diagnostic and procedural descriptors]	aranyos [Neutral/positive colloquial anchor / Core]	boldog [Neutral/positive colloquial anchor / Core]	békés [Neutral/positive colloquial anchor / Core]	csodálatos [Neutral/positive colloquial anchor / Core]	csodás [Neutral/positive colloquial anchor / Core]	elégedett [Neutral/positive colloquial anchor / Core]	fantasztikus [Neutral/positive colloquial anchor / Core]	isteni [Neutral/positive colloquial anchor / Core]	jó [Neutral/positive colloquial anchor / Core]	jókedvű [Neutral/positive colloquial anchor / Core]	kedves [Neutral/positive colloquial anchor / Core]	kellemes [Neutral/positive colloquial anchor / Core]	kitűnő [Neutral/positive colloquial anchor / Core]	kiváló [Neutral/positive colloquial anchor / Core]	mennyei [Neutral/positive colloquial anchor / Core]	nagyszerű [Neutral/positive colloquial anchor / Core]	nyugodt [Neutral/positive colloquial anchor / Core]	pazar [Neutral/positive colloquial anchor / Core]	pompás [Neutral/positive colloquial anchor / Core]	príma [Neutral/positive colloquial anchor / Core]	remek [Neutral/positive colloquial anchor / Core]	szép [Neutral/positive colloquial anchor / Core]	tökéletes [Neutral/positive colloquial anchor / Core]	vidám [Neutral/positive colloquial anchor / Core]	élvezetes [Neutral/positive colloquial anchor / Core]	borzalmas [Pejorative colloquial anchor / Core]	borzasztó [Pejorative colloquial anchor / Core]	bosszantó [Pejorative colloquial anchor / Core]	csúnya [Pejorative colloquial anchor / Core]	csüggesztő [Pejorative colloquial anchor / Core]	feszült [Pejorative colloquial anchor / Core]	fájdalmas [Pejorative colloquial anchor / Core]	fárasztó [Pejorative colloquial anchor / Core]	félelmetes [Pejorative colloquial anchor / Core]	förtelmes [Pejorative colloquial anchor / Core]	ideges [Pejorative colloquial anchor / Core]	idegesítő [Pejorative colloquial anchor / Core]	ijesztő [Pejorative colloquial anchor / Core]	iszonyú [Pejorative colloquial anchor / Core]	kellemetlen [Pejorative colloquial anchor / Core]	kínos [Pejorative colloquial anchor / Core]	rettenetes [Pejorative colloquial anchor / Core]	rossz [Pejorative colloquial anchor / Core]	rémes [Pejorative colloquial anchor / Core]	siralmas [Pejorative colloquial anchor / Core]	szomorú [Pejorative colloquial anchor / Core]	szörnyű [Pejorative colloquial anchor / Core]	unalmas [Pejorative colloquial anchor / Core]	undorító [Pejorative colloquial anchor / Core]	addikt [Target words / Addiction and dependency]	függő [Target words / Addiction and dependency]	toxikus [Target words / Contemporary loanwords]	depressziós [Target words / Depression]	depresszív [Target words / Depression]	hisztis [Target words / Hysteria, mania, paranoia]	mániás [Target words / Hysteria, mania, paranoia]	paranoiás [Target words / Hysteria, mania, paranoia]	abnormális [Target words / Insanity and madness]	beszámíthatatlan [Target words / Insanity and madness]	bolond [Target words / Insanity and madness]	dilis [Target words / Insanity and madness]	elmebeteg [Target words / Insanity and madness]	eszelős [Target words / Insanity and madness]	flúgos [Target words / Insanity and madness]	habókos [Target words / Insanity and madness]	hibbant [Target words / Insanity and madness]	tébolyult [Target words / Insanity and madness]	zakkant [Target words / Insanity and madness]	ütődött [Target words / Insanity and madness]	őrült [Target words / Insanity and madness]	bipoláris [Target words / Mood disorder]	autista [Target words / Neurodevelopmental]	hiperaktív [Target words / Neurodevelopmental]	kényszeres [Target words / Neurosis and compulsion]	megszállott [Target words / Neurosis and compulsion]	neurotikus [Target words / Neurosis and compulsion]	fóbiás [Target words / Panic and phobia]	pszichotikus [Target words / Psychotic spectrum]	szkizofrén [Target words / Psychotic spectrum]	traumatizált [Target words / Trauma]	traumás [Target words / Trauma]
benignus [Clinical anchor / Course, prognosis, mechanism]	0.0	0.702017192581446	0.8226726019737056	0.6998692253882781	0.5930087776466411	0.36636423660662676	0.5845036267832902	0.5913721114310913	0.8156110904163321	0.6449882395260771	0.84770222570835	0.5906628523015234	0.6272447368703433	0.499685743449502	0.5581223370848246	0.9965544412059928	1.042037473731949	1.0214025931136541	1.0371195209961392	0.9948280259799903	1.0073901457286996	1.050869282352929	1.0183080070723156	1.0566684866313139	1.0032390435914569	0.9940045119965586	1.0142980826737233	0.9956487780173164	1.0104769082383558	1.0736164361362341	1.1327889452980975	1.018882651113673	1.1307804428534634	1.0789830583268678	1.0566002203531286	1.0803041932568813	1.1121053894140462	1.0120831459872	1.0599012227820714	1.0962897322818828	0.9819630543016666	1.0498701124073235	0.9369559047913484	0.9086425906632314	0.9911832096167089	0.9713339230578716	0.843390505651463	1.0666766314735312	0.9462393814920591	0.9857846745309766	0.8803976314625237	0.9677058484523664	0.9054119045488469	1.019710497341557	0.8538571769767034	0.9965643066385906	1.029337993091655	0.9868383737119228	1.0171290691190238	1.0471327740757252	1.0035915068917083	0.9844361737743167	1.1108421336754697	0.9814893360268097	0.8514111197282226	0.8843779170631744	0.6820960028256935	0.7028707983657632	0.7104625962794944	0.8642667913980746	0.6236991382675957	0.803757479447924	0.7591071280023787	0.8336344958315518	1.021150030531709	0.9928077020773357	0.8026906599994972	1.0022276179024618	0.9041394194399398	0.9366735437678855	0.9638315210836699	0.9903296428504162	0.8445636258055029	0.9541932375121995	0.9748545743238136	0.6636667286383929	0.8141309500949789	0.7544966905901956	0.7374158014600813	0.9437362163157157	0.6630854615857823	0.6187999426571824	0.5884915786662199	0.7725291150953075	0.856497413676699	0.5538067203147365
dekompenzált [Clinical anchor / Course, prognosis, mechanism]	0.702017192581446	0.0	0.9587719970040722	0.7931703176981111	0.8153407732897314	0.6915558121429908	0.7059942041404378	0.7279643899644401	0.7819910484737864	0.7967380926889758	0.8898640817307159	0.7148585218016654	0.7044312605411095	0.6724108638655144	0.7013441971359003	1.059113347324966	1.0392079711429423	1.0343532237027186	1.0602941161394688	0.9791333025705379	1.0975996653790057	1.1023581608749784	1.0570236977619611	1.0738899574354923	1.02042833999075	1.0340959272959824	1.0436872437291773	1.0447463452562658	1.0356929439043918	1.0720683730625518	1.058273665394835	1.0446712404009613	1.0739296087466699	1.0656424367665742	1.033463432402679	1.0688986260961721	1.0804336438174722	0.9892442820307212	0.9924299256612044	1.0756269829685938	0.9575483926983461	0.9356916872128594	1.013698480027055	0.9575163956636513	0.9385202111515842	0.9342408120102953	0.8332050793971678	1.0823526733351747	0.9966053174323038	0.9068423920603267	0.9600233771360897	1.0328216764726341	0.9420175931883072	0.9876714270479334	0.8913029268857278	0.9497548524798204	0.984488480626764	0.9618914514445338	0.9694647865599509	0.9966376409320633	0.9908262863316103	0.9455393741111442	1.0955180060000256	0.9938312534562597	0.9660056990926837	0.9409812447293044	0.8025021153524303	0.7820447894229511	0.7465063957842261	0.8984526544628461	0.7163931930000339	0.8625434280849849	0.8671157075869325	0.9002135034663431	1.0849241722883265	1.0128593974625093	0.9157925251899782	0.9865076356652828	1.078750087832319	1.0187645415961148	1.0275275630910374	0.9671579388885245	0.9141454334775995	0.9875882144586343	1.0420627047581996	0.7667814127181265	0.8422848623401471	0.7981595464285324	0.787448410679552	1.1027900664400307	0.7170358190925409	0.7604825855388524	0.6301232930301264	0.8336951207043264	0.8791769894497582	0.6402783646993551
gyógyszerrezisztens [Clinical anchor / Course, prognosis, mechanism]	0.8226726019737056	0.9587719970040722	0.0	0.7913472539318394	0.8966040835839281	0.7683489125613463	0.9166343238745166	0.88183232126512	0.8315376188196104	0.8432570738169128	0.9399235088794945	0.780289989321664	0.8181814828339411	0.7754791492610346	0.7338320744608624	0.9916959254734918	0.9125147808011114	0.9439480864921277	1.015020965603115	0.9566533853634279	0.9681677884897825	0.9745085262220763	0.9766079267058545	0.8717167348686993	0.8631579700257282	0.9934624896333276	0.9547949082536409	0.9534500666180524	0.9682185635329109	1.06056856198009	0.9773431136689222	0.9045927140493748	1.0200069462030856	1.0079845713539206	0.9878106995164067	0.9661469694271666	1.0134615435847762	0.8791515050160893	0.9286357842862749	0.936130823251104	0.8731045903157211	0.9431692667947803	0.8395112079232281	0.8080269357339236	0.9296456937339599	0.949217105153046	0.840805392676566	0.9039805136801735	0.8285325052902751	0.8973747362885091	0.8301572788196243	0.7994835408247262	0.8109978914190908	0.9428073610487432	0.8131323410824594	0.9443431437324277	0.896236316294337	0.8576745457302865	0.851670287450444	0.9447615394345517	0.9565200301174369	0.8436456141081541	0.9272053492025312	0.8522532422126878	0.9095078523682228	0.8740355151711894	0.7295198594608223	0.7414023043336211	0.7609008814987478	0.8242733053446312	0.7166140850757383	0.7913696857462756	0.8114031692258012	0.8180729808655454	0.9600117006357726	0.9926189732233728	0.7841991137108305	0.9298071767870781	0.975230545714044	0.9614195806021234	0.9646705203865038	0.8946771043790713	1.0194104662974575	0.9297663822044926	0.8490828901637608	0.8701067521456674	0.9381196344233635	0.7696544803835806	0.8215630929982378	0.8846906612566516	0.7715944602050229	0.7995393201879653	0.7743677452608599	0.8339346827810632	1.010285772410886	0.8048410909951812
iatrogén [Clinical anchor / Course, prognosis, mechanism]	0.6998692253882781	0.7931703176981111	0.7913472539318394	0.0	0.7997796057696495	0.6707291514250202	0.7202543369546212	0.7607758592021665	0.756371569025854	0.8137212235356294	0.9263559668700224	0.647629507156201	0.6922955871481955	0.5864149209272843	0.6511373298585021	0.9773321950892601	0.9875578111976088	0.9554741966810004	0.9444018465698053	0.8768484436921341	0.9708217680752715	0.9391520750773363	0.9417625804892491	0.917211756819272	0.9406251670494122	1.030567313827043	0.8922126023875862	0.9415632770474084	0.9388765043091692	0.9987790753528769	0.9790679036974596	0.9530990682699814	0.9765551629007242	1.000318628559153	1.0120007546495957	0.9634327814945589	1.0210147850698295	0.9785787630206493	0.9645768465044365	0.9657097586684785	0.8745281216693348	0.8923628802076409	0.855616580026282	0.8757908803193992	0.96358795894729	0.835800256160938	0.7318336731952847	0.9103025742350983	0.9094217984871972	0.8993865642791411	0.8550556398116055	0.9023233251192655	0.8727045349330504	0.9177845209528628	0.7384118644742073	0.8799063431129294	0.8502094538650733	0.8401514664689561	0.9002461742199386	0.9370515652169844	0.9291090763811118	0.8183322452437899	1.0237055660646286	0.9544710105013988	0.883548993604914	0.8597701846013938	0.7261944990896327	0.7262978128499047	0.6917462798740379	0.9251436806420541	0.7097512621126041	0.8350742719683382	0.8226240165051393	0.8974543299725846	0.9829525840111158	1.0375042714667548	0.8637808485549953	0.9852476899454806	1.0096143145082912	1.0506310053063876	1.0268342028625932	0.971152334662009	0.9509660706961178	0.991002486007602	0.9612352830664967	0.7328701907922031	0.9348663982297052	0.7743405788139903	0.7150750865730927	1.0196852805251548	0.7009544952899481	0.7091251686816095	0.6295365385912676	0.7897429860300442	0.925896986794938	0.6200012208871835
idiopátiás [Clinical anchor / Course, prognosis, mechanism]	0.5930087776466411	0.8153407732897314	0.8966040835839281	0.7997796057696495	0.0	0.6170460043275583	0.6687092900363929	0.6250561603155589	0.8414803993108704	0.7525178545785218	0.8053488247028149	0.6351771658778147	0.7394257397616346	0.6277670015909655	0.6992722251498296	0.9608931119508262	1.0558171697511494	1.0103677425727895	1.0361911657156655	1.0249649072504334	1.0559276372491804	1.039038349554892	0.9332498708034891	1.0789672090393214	1.0433150465624532	1.0574580554443238	1.0271481249353163	1.0670822101988362	1.0735623746927325	1.0615865773604274	1.1000876449810126	1.0368696791115033	1.0927443719051233	1.0734506806765247	1.0337637996245117	1.0713519662582194	1.0854417079027456	0.9914454529163269	1.0475416430704512	1.0356452515542824	0.9571978936525024	0.900934867260613	0.9033967561850179	0.9211289280517858	0.9018834206369165	0.9848993246510527	0.8587547836976436	0.971773971544406	0.9480194391563741	0.9598155033226469	0.896374670022403	0.9026213727978991	0.9109983604951365	0.9332220634602726	0.9124580004924823	0.9533922343054883	0.9454283061008009	0.9540353133378814	0.9404346536274921	1.0006992368130658	0.9669384978263647	0.9035393227476658	0.9846387756800391	0.9146665831626479	0.8746708954219036	0.9377259099090042	0.7477982958150393	0.764226466006847	0.7571920220946261	0.9119340374922733	0.7201050282136683	0.8265684075516673	0.8196396165049656	0.8922009851519567	0.9518448130136263	0.9179202316550313	0.8162851848651003	0.9092224833893253	0.9545725623989467	0.9589000236783475	0.9467088153002305	0.957365402116241	0.8764596163667895	0.9861711209109175	0.8873095335789893	0.7291517600540035	0.8103684376213129	0.7939054862849159	0.8261029125603656	1.0137751190932482	0.7089989223585921	0.6840536794314369	0.707761829756588	0.7643360532186863	0.8524605957417595	0.6331093608105136
malignus [Clinical anchor / Course, prognosis, mechanism]	0.36636423660662676	0.6915558121429908	0.7683489125613463	0.6707291514250202	0.6170460043275583	0.0	0.5595622972318313	0.557048864175662	0.7639754681500464	0.6131015268367512	0.7955080203390725	0.4802655410781006	0.5364108291051914	0.4443856389446723	0.5280387355357765	1.0770870415089906	1.0651923765554803	1.0462123011716855	1.070900556413717	1.0397606303865308	1.018269706732	1.0395916437383426	0.9350072982888468	1.0272952630012089	1.0568221198588128	1.1061214065068552	1.0670016496607606	1.0174205138674752	1.0105293355510925	1.0870370850064757	1.1071245486959	1.0218841543110206	1.174778742298653	1.1922483684992295	1.0994044866748094	1.114456157709087	1.1440558055421457	0.9252746778676398	1.1002543393286182	1.103816378055527	0.9351814529168347	0.9884733693067606	0.9145793404811089	0.9204702810825219	0.9660016974057187	0.9850071171787068	0.8043783807471886	1.0307731710645238	0.9355833148087767	0.9661675762735789	0.905360245196628	0.9332685605260487	0.8553035645932981	0.9843704336055522	0.8509048252397331	1.0034407433452945	0.9708101422370621	0.9187576719583703	0.989273442433665	0.9994846706501281	0.9932099577921576	0.9216481381409967	1.0771565840884283	0.9802910971808826	0.8734440355766424	0.7987476585879083	0.5947428378717461	0.6714225288372273	0.6406449758990147	0.9046440440798239	0.6042037798327102	0.7921919956036794	0.6569236745894675	0.8305868341526367	1.0615363003950937	1.0250010292171556	0.8490391920358373	0.9802297155476164	0.9475826211968142	1.0294062184364163	1.0650258099542251	1.0077905842554942	0.9236502246974756	0.9691575058598704	0.9878069358039914	0.5780588480477742	0.7213139110611557	0.6990270029426124	0.6414670781650978	0.9896579036153791	0.6111239464650355	0.5880907462800943	0.5143172587589657	0.6563760032759882	0.8171417738683133	0.48382641186900066
multifaktoriális [Clinical anchor / Course, prognosis, mechanism]	0.5845036267832902	0.7059942041404378	0.9166343238745166	0.7202543369546212	0.6687092900363929	0.5595622972318313	0.0	0.6372573269526881	0.8292868218620927	0.7037599388545844	0.8324660754344831	0.6533472507217211	0.7351964035323426	0.6200263759047702	0.6713631320282558	0.9790631975279469	1.0335908886003888	1.0583813096385692	0.9840020223094961	0.9654371508119434	1.019241151133631	0.9760840738186751	0.9193454320072698	1.0510988896733564	1.015075305201852	1.0696075477625724	1.0199424217499904	0.9567894064238076	0.9770794000928633	1.0164395484591708	1.020581057829623	1.0342472794772541	1.0244377014490458	1.0373853960940322	1.0202683168176132	1.012229315201938	1.064977037836026	0.9631123922743496	1.0069225459023188	0.9935694120547993	0.9784551987961841	1.0022072593422784	0.978146411271136	0.9837613276378365	1.0017609808092756	1.0107554216913504	0.8851206714912212	1.0101546812903979	0.9413453870317722	0.931471081211593	0.9384822191472574	0.9750720816056656	0.8802038146340141	0.9835148244909059	0.9265034492146453	0.9985121377227006	0.9420543781312809	1.0119855538697056	0.9736052827950822	1.01391852316606	1.016538476056192	0.9378582955272042	1.0140581523435153	0.9778849838311237	0.7841125533509498	0.9381348437179807	0.7419284389253322	0.8016612478766433	0.7364272248802244	0.9623510918789032	0.7264365552587915	0.8571019229882367	0.7984242037477507	0.9158288288565141	0.9941089322197857	0.9694573629692588	0.9213941140685907	1.0140095502612454	0.9522913681021099	0.9583165847869816	1.0397478318852267	0.9992924706968349	0.8466466855214061	0.9703140361749009	0.9602602161525113	0.692311843106926	0.8485901521551047	0.7697814752282182	0.7651362586437971	1.014505858810334	0.7272408008739002	0.7088963232279752	0.6610760085299847	0.7742829056685963	0.8630115572779401	0.6636491546634824
neurodegeneratív [Clinical anchor / Course, prognosis, mechanism]	0.5913721114310913	0.7279643899644401	0.88183232126512	0.7607758592021665	0.6250561603155589	0.557048864175662	0.6372573269526881	0.0	0.8211717532320424	0.6801615035155548	0.8797851317952721	0.652120340825868	0.6926090877721715	0.5510908791682678	0.5666847775971975	0.9669124157250979	1.000303362230076	1.0320298844828675	0.9699168481635624	0.933952746941768	1.082790613288332	0.9815870312985551	0.9887965860939433	1.0411142938561393	1.0261122697159524	1.0262734927500505	0.9561355678079855	0.9599615615798405	0.9678461549731698	1.0320371828018453	1.0287994845340034	1.0451513887604496	1.0371999599841757	1.0324234736997513	1.0131263625780451	1.0094461746431294	1.041383276280373	1.0130745884918664	1.0238318711068557	1.0276874249097274	0.8794471207758165	0.9644043929372814	0.9210081644298084	0.9559311290346606	0.9418791099851774	1.0122789169957251	0.864937395005827	1.0080101121009017	0.9132464314829708	0.9437012858707788	0.9358642687793316	0.9379292864068849	0.874506388805802	0.9887720161545561	0.8482629092025423	0.9812030813153694	0.9508275867364115	0.9641092819559194	0.9381432012391255	1.051043565437573	0.9785264247640848	0.9131661795307019	0.9615796196384475	0.8806323242437749	0.8207392319661029	0.9138039317038801	0.6575243575402088	0.782482905672197	0.7265691381984674	0.8841865457409488	0.7110273206751725	0.8998089757034389	0.8363960923091758	0.9296209541570231	1.0040944752056349	0.9502011304597513	0.8919573114026472	0.9294168031211388	0.9508276487580336	0.9428428950525347	0.967762150147706	0.946475933124909	0.8124691406899294	0.9365074767661098	0.9309547387409413	0.6899433299985963	0.8560148672127348	0.8207149647179071	0.8351128730063991	0.9873369759777936	0.7016257174851812	0.6786001217689261	0.638371238193006	0.734283762904981	0.8243136961200509	0.6247796673356204
terápiarezisztens [Clinical anchor / Course, prognosis, mechanism]	0.8156110904163321	0.7819910484737864	0.8315376188196104	0.756371569025854	0.8414803993108704	0.7639754681500464	0.8292868218620927	0.8211717532320424	0.0	0.8484187253510886	0.8722554310678393	0.7378207728057098	0.7567850997248662	0.7181197959657576	0.7367170793845343	0.9858598273530726	1.0200794354158387	1.0408078397326952	1.0384130406936642	1.0510364088455049	1.0356410456821594	1.0162941951616578	1.04385172910525	1.02165614869447	0.9532424054431743	1.020302881941638	1.0326416225399255	1.0169311645265817	1.0193127943916807	1.0413112934120197	1.0553787161391213	0.9825760689434472	1.0735554051689704	1.0729052055657793	1.040318276966876	1.0499586350812877	1.0539396851792657	1.0569169442758162	0.9799343469638536	1.0383006711109295	0.8831354705693164	0.8727095333173154	0.9087839942734715	0.9371325103960719	0.9704717700124199	0.9678330659683343	0.8202973561288013	0.9240988825721563	0.9246861844756515	0.9024055125170466	0.9171209158820717	0.9484138553263868	0.8763357467573762	0.9393675073501948	0.867973670457849	0.9623714796395669	0.9083054288761121	0.962894062923196	0.9287281238483922	0.9601912467403382	0.9600076134130077	0.9223691577666397	0.9837296235088209	0.9532265382564129	0.8977099976154019	0.9632343346525124	0.856199628396312	0.7229805792580624	0.7745300967915576	0.9495031288253928	0.7791873083086561	0.8416456070990321	0.7945945919497971	0.8205825143149552	0.9976986528068427	1.0141152865455025	0.8433068131128928	0.9759035759635682	1.0294718354593397	0.999343940481112	1.0270401188020593	0.9469989948980594	1.030284420715858	1.0138411537047938	0.9680879768327931	0.8666572822070233	0.8886761584210258	0.8026678380969331	0.8479311908053226	0.9924818690437355	0.7593066915208107	0.8167230891045737	0.7030228770363167	0.7892400215418816	0.9518541699809634	0.7457282477184092
juvenilis [Clinical anchor / Diagnostic and procedural descriptors]	0.6449882395260771	0.7967380926889758	0.8432570738169128	0.8137212235356294	0.7525178545785218	0.6131015268367512	0.7037599388545844	0.6801615035155548	0.8484187253510886	0.0	0.8358393034394588	0.6743767754795982	0.7805671240317048	0.6680805839743836	0.625676247127871	0.9829772965931682	0.9297954346222354	0.9907690380473692	0.9252139790798439	0.9110769270901963	1.059574354925964	0.9515306592281427	0.988739896819387	1.043480605254135	0.9748128273825591	1.0589851342400094	0.9555212830674819	0.9785818640518474	0.9966348745571418	1.004617334409548	1.0465917694361868	0.9949559126239547	0.9788537477443796	0.9773816187517017	1.0437908087908478	1.0046172289549475	0.9666727602902297	0.9544185279030127	0.8971750635508303	0.9692315714138953	0.9185056920225486	1.020698479373531	0.9575475211328552	0.929084617351955	0.9400729280161458	0.9263244481186534	0.8902609386302792	0.9819127911407933	0.892999222265896	0.9204914770978684	0.9508555140962016	0.9237632315596684	0.8520396148944541	0.9577795119197698	0.8892025826392249	1.0103260654612227	0.9832565007225891	0.9919992262046884	0.9387740088451995	1.0053134628698264	0.9231434174457478	0.959722668966538	0.9793978324535961	0.968304389934762	0.863522305789986	0.8500642359558138	0.6335876324582046	0.7857798596125966	0.6904009155215252	0.8764189015374336	0.7045784018799488	0.9099259799454416	0.8318216811005008	0.931275862262015	1.0116170578224395	1.0010216232804507	0.9636864058521463	1.0014500262113242	0.9453595351924851	0.9887022557601218	1.0226226158661769	0.9138327589772842	0.8442068119007768	0.945392235090758	0.9968650168390826	0.7099104262755336	0.921980668749395	0.8510313136450469	0.8552493870317648	0.9775252587355461	0.7769600787888462	0.7855773328189343	0.7401277727988549	0.7723999853907074	0.809470904426247	0.648288445179541
kontraindikált [Clinical anchor / Diagnostic and procedural descriptors]	0.84770222570835	0.8898640817307159	0.9399235088794945	0.9263559668700224	0.8053488247028149	0.7955080203390725	0.8324660754344831	0.8797851317952721	0.8722554310678393	0.8358393034394588	0.0	0.8242806715290613	0.819167863409435	0.8079353102467997	0.8545648439453566	0.9280345083818423	0.9374784053733846	0.9843758148502503	1.0389796176234216	0.9998930347713979	0.9830650447754634	1.0378747307434164	1.0476295817236252	0.9309923827982672	0.9785616720030534	1.0180418479726427	0.9130145094329882	1.0112959903155794	1.0081221053170573	0.9938273287047427	1.0450702759445396	0.9604192637653941	1.0615022448547176	1.0786883926282367	0.9348541865592731	0.9986573117414426	1.0147360763004392	0.8948979628270989	0.9874212309856241	0.9305448440645135	0.9160673825265228	0.9033315783058699	0.8783097172901343	0.8964187309430428	0.9192285559911206	0.9370738174813611	0.9297724055690683	0.8292349516323547	0.9987882686492078	0.8933138077979751	0.8780002968011391	0.7963805598165729	0.9492834980366839	0.967660614601753	0.8430586066923127	0.8882374558156112	0.9821127444152485	0.8476464760884419	0.8921756432574214	0.9558239676317044	0.964719297424971	0.9475301243537462	0.8864182494299404	0.9488713556099754	0.9236317791857976	0.8674109490168551	0.7826631554323111	0.8553497910752699	0.8219842907182577	0.7995887111507956	0.8443117046347095	0.8446098549524291	0.8797178925766668	0.804203343948495	0.9358399622359735	0.8572596393831116	0.8653538225294095	1.005695360352098	0.8690475063735008	1.0022004963253284	0.9764542152716434	0.9540404480532384	0.8659999812056628	0.9078604627925647	0.968917822819919	0.8936991135766807	0.8527555809870021	0.7923526386385145	0.8561185377762303	0.973650996537387	0.7995844122440458	0.825350249168477	0.842500621315573	0.8504574731345548	0.8897145141648566	0.8191353812512615
patológiás [Clinical anchor / Diagnostic and procedural descriptors]	0.5906628523015234	0.7148585218016654	0.780289989321664	0.647629507156201	0.6351771658778147	0.4802655410781006	0.6533472507217211	0.652120340825868	0.7378207728057098	0.6743767754795982	0.8242806715290613	0.0	0.6331448638953896	0.57923543664115	0.5725679075368573	0.9982371908893336	0.9301845152874652	0.9547718816225561	0.949016734305843	0.9031677021121859	0.9936756247493551	0.9587958680516486	0.8732321270935065	0.9451281250366572	0.9355599095102558	1.0472775996236219	0.9121321729044118	0.9716021377637042	0.9787652604354125	1.0359843712157626	1.011124718230871	0.8854135934475139	1.0485980511605073	1.0924457631467128	1.0250113837716803	1.016118835430395	1.0406439449520861	0.8054082317499741	0.94951541709802	0.9317487005737557	0.8053766038196841	0.8687820438547299	0.8328364863941777	0.8685716662700494	0.8993226515845393	0.7797617451527389	0.6714906259019298	0.9245286498825445	0.8453969777613618	0.8498842756048841	0.7932975704532637	0.8007400014347028	0.6909476656959588	0.9232224066588621	0.7046319819149118	0.8259909318049863	0.8506630822797566	0.8183347811299249	0.8527807067348726	0.8935521804400746	0.8470348824144504	0.8238258250622577	0.9513454624870582	0.876053894082226	0.8737109343022037	0.7408341005741127	0.6114519394424076	0.5464896184509964	0.4377035127278681	0.7854853167765202	0.5092337430144571	0.6847230889425298	0.5359330329802234	0.7487220278872724	1.0136995112106697	0.9497448434832794	0.7608434911550512	0.898163318417891	0.9273551111302418	0.9604143794191695	0.9455704127628424	0.8621815114421794	0.8733499426564798	0.8917568124820326	0.928946011586	0.5190622882166447	0.6382447314490869	0.570480642238367	0.5393360476831903	0.9807918936439458	0.42368893426231236	0.5245300911619439	0.4171623499324958	0.6527925138972204	0.7372169364037354	0.4704536171676247
posztoperatív [Clinical anchor / Diagnostic and procedural descriptors]	0.6272447368703433	0.7044312605411095	0.8181814828339411	0.6922955871481955	0.7394257397616346	0.5364108291051914	0.7351964035323426	0.6926090877721715	0.7567850997248662	0.7805671240317048	0.819167863409435	0.6331448638953896	0.0	0.5300737754741885	0.601218945865831	1.0559387009482966	1.0174605639903014	1.0210158779391711	1.0560713735167688	1.022287562929726	1.0280849618501555	1.0368035607350523	1.011700463106798	1.0100042559927944	1.0336810736069697	1.0683333416343337	0.9483192600022742	1.0013940340500063	0.9812462562048686	0.9949085240485309	1.0970104591561896	0.9429814760014643	1.1183699958458007	1.1176558791207662	1.077316806074378	1.052251917908747	1.06046893648728	0.9933561559293871	1.0350521574346507	1.0185976604794162	0.9618813347733127	1.0032311221150962	0.983065003032243	0.9683213731522083	0.961586177265215	0.8665686013570575	0.7914053304600377	0.9377703301733297	1.0412294400566167	0.9912347924638244	0.8445630922719778	0.950616283404313	0.8917772562793682	0.9229036267376527	0.8002421840088805	0.9415277907303864	0.9576871308926167	0.922929351327587	1.011531361594298	0.9883088045256537	1.0402758006131758	0.9346651005719322	1.0707595740708407	1.0317186510790477	0.9277987027621591	0.8412616477619066	0.6639330719470882	0.6893810688048376	0.6811081906614447	0.9096740729669717	0.6576217620015923	0.8627906395703988	0.7842280087317404	0.8486243910011947	1.0716741046514966	1.0821746383483144	0.906497004006418	1.0227274462789215	1.020842222700656	1.0461194745343283	1.1011400396361806	1.0076281110119256	0.9909088985209432	0.956279435250217	1.0380580612179722	0.7414037784084466	0.7944489843029436	0.7175924618813612	0.7282019597596472	1.0503799411381354	0.7041223395801844	0.6697007017585712	0.5965744999641336	0.8019066259221549	0.8600322150339332	0.5779632954234314
szisztémás [Clinical anchor / Diagnostic and procedural descriptors]	0.499685743449502	0.6724108638655144	0.7754791492610346	0.5864149209272843	0.6277670015909655	0.4443856389446723	0.6200263759047702	0.5510908791682678	0.7181197959657576	0.6680805839743836	0.8079353102467997	0.57923543664115	0.5300737754741885	0.0	0.5099424420379559	1.029617461871504	1.105869691880632	1.0754897758536668	1.0601292733060936	0.9995589160354935	1.110033796024533	1.0333947784012083	0.9556746931236938	0.9853357906541257	1.1003734274900276	1.0853613225703993	0.9681644592445922	1.0190149897117415	0.9912255942849603	1.034839678727391	1.1385288137814147	1.0588477678029073	1.152574149140525	1.1234364296403945	1.0032247892995565	1.0801288756334255	1.1099031619341084	0.9880815084421389	1.0949585134866666	1.053234896427116	0.9974714716121016	1.017615286737532	0.9519939238399764	0.9711196416078112	1.0365879429054112	1.0240562901464447	0.8534860778635818	1.018328297385758	0.9732676458026293	0.9623686519899217	0.9213723704505826	0.9077650850112472	0.8978182378847845	0.9779563388023754	0.8117164214061083	1.052365034292075	0.9824148262257336	0.9243868479468892	1.0333418737753148	1.0978744354287484	1.0957102073017861	0.9766009114463752	1.0822160978133823	1.007077112721302	0.9132634784193211	0.8201794046810701	0.4990727601892714	0.7153636168630102	0.6714654540674061	0.912804551542273	0.6355278296182318	0.8747349032537617	0.7427294365392492	0.8593063402565472	1.0587092792632151	1.0833339768039365	0.8821854764610564	1.081855860455034	1.011304145395056	1.0840827535970199	1.071757863714922	1.0791365950905254	0.9608370260465109	0.9807990508280573	1.031020659028158	0.6322891407128893	0.8430682725247878	0.7442737132883817	0.6926426720720879	1.0318196418754595	0.6746167088561648	0.6682643015167729	0.5422304118169297	0.7666590523959786	0.9004476648799209	0.5600133212271009
szubklinikai [Clinical anchor / Diagnostic and procedural descriptors]	0.5581223370848246	0.7013441971359003	0.7338320744608624	0.6511373298585021	0.6992722251498296	0.5280387355357765	0.6713631320282558	0.5666847775971975	0.7367170793845343	0.625676247127871	0.8545648439453566	0.5725679075368573	0.601218945865831	0.5099424420379559	0.0	0.9873109827066427	0.9881817734772226	0.9995614958188693	1.0046065124648351	0.9653327545390498	1.1201449831899248	1.0280290908613738	1.024774980966907	0.9425182550933733	0.9998451930282611	1.0914669151512164	0.9418269511518066	0.9227096644875117	0.9290071576859916	1.0368975547178447	1.0541268407494593	0.9632033679059602	1.122205620710682	1.013758155873752	1.0075693608026595	1.0066081700855163	1.05596210293767	0.9338026313311172	1.0329397065084178	1.0286537927281107	0.8769556188952646	0.9873341315174914	0.9801444720182038	0.9449777608556553	0.9996457111483483	0.8693868029984302	0.8681057418283509	0.9480230133553652	0.9278210885717949	0.9408104019840922	0.8849655522348495	0.9286353941645337	0.9010963325992233	0.9766712078313817	0.7983565695725594	0.9546627262368785	0.9475261570538526	0.8688026961368281	0.9555879239193266	0.9850536561429207	1.0190388860986956	0.9036550450350491	1.0579740371292619	1.0246338610585384	0.8854407014193073	0.8697003589146651	0.5930540208256672	0.7126526788658649	0.6696666002870793	0.8689054554232198	0.6052603634224283	0.8370816677438018	0.7581590546455912	0.8717014405050576	1.0455567786403819	1.0675093156161297	0.8279375920034336	1.0117268282454417	0.9510224762722441	0.9849241393134202	1.059120500429202	0.9842902959041971	0.9128873277079583	1.0229124963352583	0.9628488324249678	0.6481128345425766	0.8324457029989996	0.7427942378336907	0.7114816509678916	1.0203535873074059	0.6657856437032537	0.6977527375696517	0.5495409019822539	0.733684918261245	0.8328749728652693	0.5317593808476189
aranyos [Neutral/positive colloquial anchor / Core]	0.9965544412059928	1.059113347324966	0.9916959254734918	0.9773321950892601	0.9608931119508262	1.0770870415089906	0.9790631975279469	0.9669124157250979	0.9858598273530726	0.9829772965931682	0.9280345083818423	0.9982371908893336	1.0559387009482966	1.029617461871504	0.9873109827066427	0.0	0.6328103807702857	0.948701482928461	0.6199446362704386	0.6523942763829892	0.8314104910383068	0.7082045324081687	0.8839094407379794	0.7214528754857981	0.5915864601060794	0.46941703789855593	0.6851104310191669	0.8499148520812199	0.9143274984455237	0.8283424028606896	0.7456840169897889	0.8413400891247262	0.7348783386184761	0.6107884490980695	0.6590440546342902	0.7310736962876389	0.4756897752093633	0.8307409483379715	0.5701998029867312	0.7301289896428064	0.7822140884993897	0.7665461361598719	0.7629146888633245	0.5807162999778962	0.9117414677361377	0.8961592515601391	0.8391787340629292	0.7877297072710888	0.7729596684396673	0.719455579667325	0.7171790636866298	0.6570424352273029	0.7603759377929684	0.8179309272992111	0.82843522038064	0.8357588099639176	0.767973384640407	0.8166601591525235	0.6493150873013268	0.8361900392307755	0.6461437741695888	0.8004138687095852	0.7350856140243522	0.6129350281800636	0.8395415111770181	1.021928061629307	1.0028884352531187	0.8831289406306078	0.9350649989441769	0.5654076663143108	0.9249441771858895	0.8349833502814231	0.9126238297893982	0.8092669711616303	0.662097497891976	0.6211764916319495	0.7793162895691443	0.7763267312861523	0.7347091848951246	0.6938618952022637	0.7284725735615754	0.7854468406522684	0.8819742132607554	0.6689103329194757	0.7803717794385939	1.069507455118602	0.8877831263058459	0.7920882867495784	1.0118989477940918	0.8150210207338511	0.8485301540395689	0.8708985627650007	0.956489481446522	0.9321546638058876	0.8975912743197542	1.015124752929402
boldog [Neutral/positive colloquial anchor / Core]	1.042037473731949	1.0392079711429423	0.9125147808011114	0.9875578111976088	1.0558171697511494	1.0651923765554803	1.0335908886003888	1.000303362230076	1.0200794354158387	0.9297954346222354	0.9374784053733846	0.9301845152874652	1.0174605639903014	1.105869691880632	0.9881817734772226	0.6328103807702857	0.0	0.6813493277071649	0.5942417684627161	0.6290359299873589	0.6283191804512119	0.7168606537459027	0.8078265071568721	0.6645794505320239	0.4862060291932292	0.6045450696949755	0.5981701190225643	0.8413893069660494	0.8665808955457925	0.6906648985030798	0.6277541972780811	0.5571168163933596	0.7756064322653683	0.6822799998752619	0.801068865879713	0.7219907628216852	0.5142979300730739	0.6919333874961164	0.48531141546118717	0.6965805118479902	0.729773887148236	0.8332758446161793	0.8642064528812176	0.7800327492992504	0.787251557601839	0.7566583831630298	0.6589138360346622	0.7104966798571417	0.761006084210027	0.7741921404512923	0.6387096200916291	0.8093086433173972	0.7935375085191345	0.7653833136436503	0.7871449453344176	0.7518479699091863	0.7031037859421168	0.7858378256887432	0.7085186961724002	0.7989823153353943	0.49090426392023756	0.6743869015713906	0.6993357713076609	0.7921915417368004	0.8882866598259379	0.9800449617738246	1.0155698924035426	0.6840689744689282	0.8249432092287784	0.688456190564918	0.8297290053283233	0.8082253407902179	0.9166964623028017	0.8299040583218772	0.6718384254069492	0.749864754421617	0.8668640800685555	0.741703591408276	0.8388267047974244	0.7237572349946768	0.820746679959969	0.6621576872775048	0.8919785422280336	0.783012357262899	0.7337774560182886	0.9686673678278349	0.9556176718284591	0.8295892814693624	0.873633971305258	0.7754579400563439	0.7904745726132477	0.8757112155703504	0.9032702108039286	0.8977267425209203	0.8714295840575751	0.9746294997207352
békés [Neutral/positive colloquial anchor / Core]	1.0214025931136541	1.0343532237027186	0.9439480864921277	0.9554741966810004	1.0103677425727895	1.0462123011716855	1.0583813096385692	1.0320298844828675	1.0408078397326952	0.9907690380473692	0.9843758148502503	0.9547718816225561	1.0210158779391711	1.0754897758536668	0.9995614958188693	0.948701482928461	0.6813493277071649	0.0	0.8622715906776639	0.8749036116313171	0.9353662926036947	0.9218598328003512	0.877127991829435	0.8146999700158974	0.7524513217861248	0.9099343805508578	0.7596718496074306	0.9528632456685511	0.9567610653690746	0.8705373973587145	0.8686851138065113	0.5606993505356347	0.9214518417874152	0.8854582976209348	0.9198601268751302	0.9277872446051191	0.8495695605060312	0.8172499564849506	0.6899029017534338	0.8867539885044389	0.809939661935267	0.9682951667327451	1.0124115928171948	0.914045535037827	0.8302588808971334	0.7197767835190864	0.8270123872173576	0.8804301456147654	0.8471334408718227	0.8188697419808425	0.894705056052857	0.969947120511949	0.8817060555941997	0.9149911684749398	0.8975568415555457	0.8497566694562126	0.8490360705750013	0.8694914727875486	0.8521317407759579	0.9216533024778857	0.8402886467221171	0.8074063991548657	0.8868057490603699	0.8556621236622615	1.057853687573826	0.9869550566198882	1.0006867909362303	0.8990515739742846	0.8442024965457439	0.9860501040567365	1.0296671652469613	0.8541914606309857	0.8637644363925241	0.932444101918402	0.9503661651356908	0.9822616923272484	0.9193267460857046	0.8375528760717699	1.0231996360681777	0.9444876671954674	0.9608083504843182	0.7945210162266342	1.0410675379595289	1.032401088565422	0.8473878721766632	0.8701048510544435	1.0494035965744588	0.9733071852770917	0.861715553175382	0.9075167822065842	0.835312940501872	1.0097321226823455	0.9421218577956831	0.9750064496005989	0.9412136448804049	1.0202996115270946
csodálatos [Neutral/positive colloquial anchor / Core]	1.0371195209961392	1.0602941161394688	1.015020965603115	0.9444018465698053	1.0361911657156655	1.070900556413717	0.9840020223094961	0.9699168481635624	1.0384130406936642	0.9252139790798439	1.0389796176234216	0.949016734305843	1.0560713735167688	1.0601292733060936	1.0046065124648351	0.6199446362704386	0.5942417684627161	0.8622715906776639	0.0	0.2618535384137406	0.919183542632876	0.29105404903600707	0.637335896302309	0.7473729076878396	0.703492054904834	0.6424046287674341	0.5439952624806741	0.5996144381147268	0.6315100199641092	0.6033788598036225	0.3271408117576675	0.7769965025848574	0.46111453698212146	0.3833251699107719	0.6897735231819968	0.4956748297296083	0.4391750985934467	0.6047435705827104	0.6102706957560945	0.6372818002607399	0.5906216273525866	0.6943163385412434	0.8007454028647288	0.7904860478076395	0.757003492681281	0.8790628260363558	0.6942979200504871	0.7688519592265104	0.5320925594039438	0.619798875847387	0.9151131352269478	0.7871207191872964	0.6542179117026734	0.6702782989599879	0.8285322365183666	0.8427151069427226	0.5508717598050955	0.8664926949329919	0.6041667123659031	0.76181665258945	0.6398443311270039	0.5724011870332221	0.7550906576908741	0.7292539676955114	0.9481058005356022	1.0387436401908525	1.0133053576393383	0.9324101570828143	0.8752942113889122	0.8805773182569319	0.9967450352034096	0.9486158877154834	0.8615270824638852	0.9562023841336841	0.7754322616398286	0.7931096808010635	0.9394582579932661	0.7571421958841266	0.8607690921136057	0.7310480965701006	0.8698106200947541	0.6437692389795648	0.9634125734534413	0.8182604945035948	0.6963196872620163	0.9952611004948292	0.9479801969469088	0.9338537728425048	0.9340384723569026	0.6989709750239448	0.9052759330436907	0.9585613625470893	0.9148900405067613	0.9823644651682699	0.8686917902577449	0.9867643502809992
csodás [Neutral/positive colloquial anchor / Core]	0.9948280259799903	0.9791333025705379	0.9566533853634279	0.8768484436921341	1.0249649072504334	1.0397606303865308	0.9654371508119434	0.933952746941768	1.0510364088455049	0.9110769270901963	0.9998930347713979	0.9031677021121859	1.022287562929726	0.9995589160354935	0.9653327545390498	0.6523942763829892	0.6290359299873589	0.8749036116313171	0.2618535384137406	0.0	0.9682593896726904	0.42394338887302685	0.6071263674237267	0.7516990558052113	0.7617986702900484	0.7057685254532622	0.6026609111512065	0.6730706681163672	0.7185006184643508	0.5686928118625989	0.47467380045690677	0.8148928716382592	0.48471618542332506	0.4075321087270122	0.7350381058749602	0.5726299269201338	0.5129668045247646	0.6468244811598026	0.6408778936470613	0.7286550535987268	0.5808911427389574	0.7947282800758914	0.7917841610904683	0.7845748868512274	0.6898152644152874	0.8732259624709365	0.682342488529078	0.8030595115557098	0.5632582194189173	0.6109430182347544	0.9050986279153687	0.8008037782184063	0.66152993077689	0.6881963174081146	0.7927926972774432	0.8027957653054545	0.5536411980702167	0.819121913489737	0.6107670061737547	0.7208262000584784	0.6275673600034433	0.5604619739154274	0.8212165078632961	0.7490217391692802	0.925350903976431	0.9619302709100613	0.9564479633631835	0.8739926419802849	0.7897101582431241	0.8617419719625592	0.9458048369954056	0.9124612486232289	0.8740015650882129	0.9158332028143102	0.779702143422027	0.8006319439388949	0.935782828177558	0.7091166920107659	0.8886079255049417	0.748675607371168	0.8659719781185957	0.6495459380756379	0.9590952550709975	0.7889584410443876	0.6963877632451105	0.9415023925094436	1.0094076093285949	0.950135386910427	0.8787075163809891	0.7307759720878071	0.8535778667281071	0.9031183938917571	0.8487813557549779	0.9876087881068263	0.8526761518439784	0.9437989174437775
elégedett [Neutral/positive colloquial anchor / Core]	1.0073901457286996	1.0975996653790057	0.9681677884897825	0.9708217680752715	1.0559276372491804	1.018269706732	1.019241151133631	1.082790613288332	1.0356410456821594	1.059574354925964	0.9830650447754634	0.9936756247493551	1.0280849618501555	1.110033796024533	1.1201449831899248	0.8314104910383068	0.6283191804512119	0.9353662926036947	0.919183542632876	0.9682593896726904	0.0	0.8525632385087554	1.0199701475619996	0.774395262208143	0.7405414317417018	0.8608618841853408	0.821406366240811	0.8359762144067129	0.8069444444455586	1.0147123649089242	0.8198280195823613	0.758246910502689	0.8598127144566224	0.9475371151677439	0.8856859521455706	0.8200186729357044	0.872428403796505	0.7779652124610577	0.8381848884378496	0.8168263187910019	0.9999535550334343	1.0055732858298074	0.8977461246879834	0.8814415808373212	1.0101501868694795	0.8186289208819213	0.9395971799199011	0.8275328111257055	0.9530495800730405	1.049121423385771	0.6985989639465153	0.8435941060832352	0.9205457225473491	1.0169804613306077	0.8657506056182741	0.8615340316761823	1.01062736653842	0.8400603286038997	0.9942437815890445	0.8240662233414413	0.783180726575877	1.0178833565831222	0.8381190363899771	0.9434061519331237	0.8949587374014492	0.9594649740034874	0.9960914814713374	0.8053606048412889	0.9615477011515272	0.858599289013362	0.9704047236162854	0.8424314663285436	0.9785737256753166	0.9100940358712855	0.9027265220724034	0.8814296915007862	0.9549694148722101	0.9711583292710113	0.9121349117877974	0.9365803224496049	0.9383778072505418	0.9809395117884329	0.949661050081863	0.8964484520295811	0.9384315265805385	1.0535870190865226	0.9760895979060041	0.9106963903656913	0.9252695584475524	0.8669380333283416	0.9263860813247852	0.9697943444037541	0.9813106355498675	0.9468853438636212	1.1068980669479862	1.012042519647877
fantasztikus [Neutral/positive colloquial anchor / Core]	1.050869282352929	1.1023581608749784	0.9745085262220763	0.9391520750773363	1.039038349554892	1.0395916437383426	0.9760840738186751	0.9815870312985551	1.0162941951616578	0.9515306592281427	1.0378747307434164	0.9587958680516486	1.0368035607350523	1.0333947784012083	1.0280290908613738	0.7082045324081687	0.7168606537459027	0.9218598328003512	0.29105404903600707	0.42394338887302685	0.8525632385087554	0.0	0.7899244447602656	0.6278976447337978	0.6964416500575353	0.7639079333629006	0.5931353417776667	0.5218599954947571	0.536590008641501	0.814939247246365	0.2944293475103533	0.8157853451655949	0.47900756056456884	0.5149516823929202	0.6404528883388001	0.34883192940234775	0.5705764926616351	0.6145474299182792	0.63285212745526	0.6059545585590302	0.5927808952653137	0.6646751411273006	0.7542482088953615	0.8002782064609151	0.759459707219851	0.8236978723506865	0.7907613980272012	0.7656291397970917	0.5049694683465156	0.7183416270567387	0.8360373731163837	0.7230405422283042	0.6249481741336559	0.6296812175964921	0.8155288290067677	0.80859569030559	0.5815193306379692	0.7920368468729242	0.6139665838135546	0.7295411625633567	0.7090591591588737	0.624551289836069	0.7222759786801591	0.7247196720351423	0.8761773517456268	1.0116698886447144	0.9639693478674285	0.843012374094254	0.8061243515921632	0.8633781714673068	0.9231695028301604	0.8327228097016898	0.8299136877324915	0.8993535586576129	0.8117019204345832	0.6896625702311696	0.8644911320067085	0.758019564422132	0.7866620854722945	0.7796317318149724	0.8695805624892203	0.7003719442339039	0.9467986602186631	0.8600654666079188	0.6193321929738935	0.9830408691525299	0.9720773639490886	0.8637348775822603	0.88761186634208	0.6620282613833604	0.890835135007592	0.952537707277402	0.8551242312969579	0.9594394940352915	0.9436050391563229	0.9721173366641431
isteni [Neutral/positive colloquial anchor / Core]	1.0183080070723156	1.0570236977619611	0.9766079267058545	0.9417625804892491	0.9332498708034891	0.9350072982888468	0.9193454320072698	0.9887965860939433	1.04385172910525	0.988739896819387	1.0476295817236252	0.8732321270935065	1.011700463106798	0.9556746931236938	1.024774980966907	0.8839094407379794	0.8078265071568721	0.877127991829435	0.637335896302309	0.6071263674237267	1.0199701475619996	0.7899244447602656	0.0	0.8447230856672497	0.9642368008355546	0.9120520531527927	0.896253663007182	0.960192305545019	0.984776894223841	0.3606198617215265	0.790701073445736	0.8993313102184477	0.8414176393728461	0.7717978355388617	1.0147209243212796	0.9722541245463703	0.8337936511254204	0.6194541036167358	0.8703555245378263	0.9023779098862823	0.7956606599362702	0.9358439408895812	0.9835830964709765	0.9298904091253875	0.8293741990651593	0.9611860420798055	0.821912399385171	0.9320596381395501	0.6914548164626272	0.8055196014282412	0.9603838686179742	0.9316893649200638	0.7851377001212799	0.8360671741367535	0.9412338470637819	0.9481565503907292	0.7124182330721919	0.8324224831162619	0.8504433605938841	0.9611816424734008	0.8613664321979081	0.7591505534470377	0.9797306617032108	0.8195102277756664	0.9669884602794696	0.9086020795630603	0.9315684561481463	1.017298355381752	0.882698223993688	0.9867145438441303	1.02795613690868	0.9198532732902704	0.8174200853576489	0.8940056684102999	0.8361585937186126	0.9895454771331682	0.9136215217964168	0.7732709265127468	1.0742567716228644	0.8936833334932911	0.9381211618326932	0.7722771756515677	1.0746520909720827	0.8933235558687931	0.781258902216696	0.895457817812082	0.9684311490855944	1.026607145111892	0.7733991847024559	0.8506963305139223	0.8730029033004317	0.9221225111744371	0.9135156517116602	0.9672423341027373	0.8573738563075008	0.9574351291098204
jó [Neutral/positive colloquial anchor / Core]	1.0566684866313139	1.0738899574354923	0.8717167348686993	0.917211756819272	1.0789672090393214	1.0272952630012089	1.0510988896733564	1.0411142938561393	1.02165614869447	1.043480605254135	0.9309923827982672	0.9451281250366572	1.0100042559927944	0.9853357906541257	0.9425182550933733	0.7214528754857981	0.6645794505320239	0.8146999700158974	0.7473729076878396	0.7516990558052113	0.774395262208143	0.6278976447337978	0.8447230856672497	0.0	0.6516826869052731	0.7184896688246283	0.5202356215002863	0.4880293753996149	0.4858577496560159	0.8751580588391094	0.5727688603594259	0.6214819826752764	0.7633541991592949	0.7518412646528221	0.6255778670578864	0.4842760433588318	0.5892153117630987	0.5841874382514233	0.6608861389791048	0.6426902485583081	0.7508839078608242	0.7390026067495239	0.7453525919416965	0.6816289530542889	0.8194998801957967	0.7517377109369203	0.7768677279534968	0.6948449363786448	0.7656475619636873	0.8490910551492633	0.713913475810378	0.6772175610047311	0.7745620366873069	0.7829884358769026	0.6286996691863178	0.7573551028422182	0.7897650436739938	0.322060179967235	0.6969785602653842	0.687516545442016	0.6990225562298358	0.7619765256804288	0.7004762335075589	0.7367486496368666	0.8543987163974012	0.9316796376588483	0.8542612455704423	0.760773287013076	0.7666746968826242	0.7012452596867151	0.9033356248313701	0.7516542180376389	0.8529804172579702	0.8679465753455918	0.7860586445018163	0.7592236948196577	0.8679634440289024	0.8759773408922352	0.8491687425186817	0.8385088624610557	0.9173807514529274	0.8981636358269355	0.9602617084484687	0.8492467049122128	0.8067731248775412	1.0240731647826733	0.9660166290118547	0.7951751840691028	0.8058814175255252	0.7827216282675296	0.8304252191815809	0.9592801213761818	0.8944380145771708	0.9428634147484073	0.9809851387470978	0.9901464505797472
jókedvű [Neutral/positive colloquial anchor / Core]	1.0032390435914569	1.02042833999075	0.8631579700257282	0.9406251670494122	1.0433150465624532	1.0568221198588128	1.015075305201852	1.0261122697159524	0.9532424054431743	0.9748128273825591	0.9785616720030534	0.9355599095102558	1.0336810736069697	1.1003734274900276	0.9998451930282611	0.5915864601060794	0.4862060291932292	0.7524513217861248	0.703492054904834	0.7617986702900484	0.7405414317417018	0.6964416500575353	0.9642368008355546	0.6516826869052731	0.0	0.5320122775179319	0.555024039297453	0.6943245964671464	0.7719663547989809	0.8643662086088859	0.6341715011417692	0.6125267582156732	0.6971218053104676	0.6540807653619334	0.6929243549008856	0.630054940306652	0.6023333627894127	0.7720053640658201	0.3014608823770786	0.6376758193493507	0.7980147140455875	0.7659164637776831	0.779645125062417	0.7484907590394665	0.808328820384144	0.71735276648775	0.7415531249146283	0.7124730400388586	0.7122590823850006	0.7401091013815533	0.5717064764694851	0.6840360832216215	0.7258972684146034	0.7655559114870366	0.7537213474657373	0.7358940049766416	0.7724139821527927	0.7913108262204936	0.666447926465227	0.8203228059683862	0.6364833760323128	0.785681866763025	0.5989108977570027	0.7107123829751782	0.8803516969478037	1.0405427467883746	1.0541575732298627	0.6851107753400064	0.7721595253714636	0.6087743322690529	0.7890418145609327	0.7107290769338255	0.8980223645931541	0.8092484257947697	0.6678090913261026	0.6895724261999115	0.7675438065863909	0.719750331602765	0.7667902301392889	0.6221414563927098	0.755199762681149	0.6671922537891619	0.88474345057322	0.7050510876346673	0.700317245095306	1.0728182847520387	0.8817852733797613	0.7199615675450783	0.7865893480968289	0.657200748704653	0.7386688436941384	0.7963784676175489	0.8511473941738338	0.8675515414354471	0.9596322823192244	0.9690725241885136
kedves [Neutral/positive colloquial anchor / Core]	0.9940045119965586	1.0340959272959824	0.9934624896333276	1.030567313827043	1.0574580554443238	1.1061214065068552	1.0696075477625724	1.0262734927500505	1.020302881941638	1.0589851342400094	1.0180418479726427	1.0472775996236219	1.0683333416343337	1.0853613225703993	1.0914669151512164	0.46941703789855593	0.6045450696949755	0.9099343805508578	0.6424046287674341	0.7057685254532622	0.8608618841853408	0.7639079333629006	0.9120520531527927	0.7184896688246283	0.5320122775179319	0.0	0.5941153435989964	0.7747669994277055	0.8168338776880094	0.8257203399407822	0.6945218824341814	0.7592953293572757	0.799586163017698	0.697452772551537	0.6974178011623393	0.7201109167036148	0.5491103244286917	0.878543133360414	0.5528946760973756	0.7325992225110672	0.8525815529645164	0.8132991062227984	0.7323136597300457	0.7073743781195914	0.8659411577054595	0.9207537444257303	0.7505626119679375	0.8009418465470828	0.8122369618150231	0.7778111666262825	0.7456655566004442	0.7458990440940141	0.8247935755751984	0.8820492856031995	0.7322493711310315	0.7759410718396202	0.8051855410719977	0.8532256750742624	0.7360793593303351	0.8685803971091068	0.655103166193729	0.8005556816679936	0.7533935824688149	0.7215505750865505	0.8236221590443887	1.074961013726287	1.1032548195173217	0.862357954319936	0.9038063755275663	0.6450561618671125	0.895769555616447	0.8035646741162649	0.9925815698064203	0.8851736769574062	0.753572117416361	0.6907120337073352	0.7928451045761911	0.7969978816838488	0.8042463468997042	0.6489893318316404	0.7086086289902875	0.7663964500428058	0.8809009205735795	0.7215232498974273	0.8373989317932681	1.1167080353142693	0.883986058982116	0.8253524772868105	0.9263157999274979	0.7524609142736468	0.8417702996201034	0.8291106185497502	0.9576031269785673	0.9338026995417861	0.8940983274953739	1.048034448198762
kellemes [Neutral/positive colloquial anchor / Core]	1.0142980826737233	1.0436872437291773	0.9547949082536409	0.8922126023875862	1.0271481249353163	1.0670016496607606	1.0199424217499904	0.9561355678079855	1.0326416225399255	0.9555212830674819	0.9130145094329882	0.9121321729044118	0.9483192600022742	0.9681644592445922	0.9418269511518066	0.6851104310191669	0.5981701190225643	0.7596718496074306	0.5439952624806741	0.6026609111512065	0.821406366240811	0.5931353417776667	0.896253663007182	0.5202356215002863	0.555024039297453	0.5941153435989964	0.0	0.6039596513428387	0.6471040575524782	0.8181302686604278	0.6195154147095867	0.5514287710742248	0.5740521573550106	0.5834149901593553	0.6558225719075333	0.48826060244867675	0.5133409006151597	0.6718336199810244	0.4439840312099115	0.4410646376212025	0.7851648941959316	0.818542752802873	0.6971354297243775	0.8043005279086497	0.8126008623514988	0.6933836893725294	0.6628852877631761	0.5584312815567503	0.7574311341164136	0.822132302770427	0.7492992366255274	0.6316346191243867	0.7274041968934171	0.8442074215025004	0.4274982118578107	0.6294260266350373	0.8031334997294374	0.6544855110101316	0.7284740856539746	0.775587565653181	0.7058629446909859	0.7774774902757822	0.6499282076020212	0.7834447079772654	0.8816201191375526	0.9783927301533665	0.8601555463062778	0.8198721031496232	0.7527031264248725	0.7651628545473101	0.9031130745534429	0.9104400411663334	0.8796074224898187	0.9561817655790793	0.9380604355940843	0.8617592202375486	1.0053695448155968	0.9180526929779793	0.8358992790166633	0.8532055000029966	0.981023737880194	0.8952696140282123	0.9971490489335311	0.8598095315485581	0.8727180042779996	1.0220518832153813	0.9781304546099269	0.8228703140557182	0.8624949353046742	0.8748432142161929	0.8653962863138837	0.9389854421503886	0.8675819011713142	0.9620781045884753	0.9259232876670559	0.9106392046250713
kitűnő [Neutral/positive colloquial anchor / Core]	0.9956487780173164	1.0447463452562658	0.9534500666180524	0.9415632770474084	1.0670822101988362	1.0174205138674752	0.9567894064238076	0.9599615615798405	1.0169311645265817	0.9785818640518474	1.0112959903155794	0.9716021377637042	1.0013940340500063	1.0190149897117415	0.9227096644875117	0.8499148520812199	0.8413893069660494	0.9528632456685511	0.5996144381147268	0.6730706681163672	0.8359762144067129	0.5218599954947571	0.960192305545019	0.4880293753996149	0.6943245964671464	0.7747669994277055	0.6039596513428387	0.0	0.15711299475481677	0.9583877728836766	0.32876982486322737	0.7747812284057394	0.5692065906518466	0.5435550490161098	0.6483631423667122	0.2692420104898777	0.6687854410009546	0.6463654173536688	0.7129049706531492	0.5880807449545414	0.8529351359091274	0.8791939103309121	0.8851095625046531	0.9043666594748856	0.8210850647675818	0.8341910661134581	0.9112502812236745	0.8354663302296684	0.7473664197599507	0.8400425925862469	0.8742063044764922	0.8926627090696448	0.8489452632979538	0.886384121387592	0.813524636918517	0.8244352405333536	0.8362802403456416	0.6961675911709848	0.8202455941075912	0.695248224640657	0.8257443572334499	0.8763628061034816	0.8277113604763171	0.8876331567029683	0.9491970742494166	1.0360006804250095	0.9262282858771232	0.8956436453759673	0.8482058838319492	0.850487172872241	0.9390053477688268	0.8490491633141499	0.9737062089955894	0.9456784673119188	0.9432293052851609	0.8388531304761533	0.9226857038327472	0.9225073801975308	0.8913626585557073	0.7836905086471301	0.9128747188630557	0.895717363073344	0.9706225506029721	0.9244280513818651	0.9028911127975828	1.0148509940501096	0.9420643477087421	0.8751827083521616	0.9428395698948561	0.6784520702940616	0.9076547388317691	1.0034317860952415	0.895753076594936	0.9617859991669363	0.9871177771063344	0.961014713810208
kiváló [Neutral/positive colloquial anchor / Core]	1.0104769082383558	1.0356929439043918	0.9682185635329109	0.9388765043091692	1.0735623746927325	1.0105293355510925	0.9770794000928633	0.9678461549731698	1.0193127943916807	0.9966348745571418	1.0081221053170573	0.9787652604354125	0.9812462562048686	0.9912255942849603	0.9290071576859916	0.9143274984455237	0.8665808955457925	0.9567610653690746	0.6315100199641092	0.7185006184643508	0.8069444444455586	0.536590008641501	0.984776894223841	0.4858577496560159	0.7719663547989809	0.8168338776880094	0.6471040575524782	0.15711299475481677	0.0	0.9882743878032194	0.3392968536169403	0.7933343818957004	0.6212412004935575	0.645617302354409	0.685256614428793	0.32858475187163116	0.7373304856322539	0.6663585803831293	0.7995471926284633	0.6637658362858198	0.9101297058286457	0.9277379137654029	0.9360525481671578	0.951318821649093	0.9065041831080897	0.8587938394316657	0.9764788062918885	0.9000981661504073	0.8219987594681698	0.9407175587796982	0.9398969007071604	0.9444334459619805	0.9167002752824295	0.9509747198643054	0.8630403782398235	0.9025244974135018	0.9336398079940069	0.7057095567520568	0.9154123380900353	0.7497255412219057	0.8807808648069118	0.9499489174404895	0.9005852808735512	0.9681724131445898	0.9064398519891134	1.0305829387173127	0.9106531344907168	0.9364661121855198	0.9067130816132043	0.8886942547365613	0.9803728875804765	0.8774605385991849	0.9939561284450207	0.9746523850223362	0.972622767828871	0.8755626552161281	0.953850853711661	0.9986993752052588	0.9002029725389293	0.823861443196433	0.9568919871856998	0.9535191742007675	0.996494283798489	0.9718582021017579	0.9237388981478687	1.0227684114048166	0.9256987652812553	0.8898301471477911	0.9911252716244393	0.6621075870470912	0.9368315737929507	1.029153943123181	0.9237569282043141	0.9971887287024493	1.0050162153973237	0.9747359774836258
mennyei [Neutral/positive colloquial anchor / Core]	1.0736164361362341	1.0720683730625518	1.06056856198009	0.9987790753528769	1.0615865773604274	1.0870370850064757	1.0164395484591708	1.0320371828018453	1.0413112934120197	1.004617334409548	0.9938273287047427	1.0359843712157626	0.9949085240485309	1.034839678727391	1.0368975547178447	0.8283424028606896	0.6906648985030798	0.8705373973587145	0.6033788598036225	0.5686928118625989	1.0147123649089242	0.814939247246365	0.3606198617215265	0.8751580588391094	0.8643662086088859	0.8257203399407822	0.8181302686604278	0.9583877728836766	0.9882743878032194	0.0	0.813459678571953	0.8398904395919534	0.8116950628586912	0.6719802478401724	0.9268619927916093	0.9569898477630902	0.7637941641974423	0.7038687470988989	0.7880692796088277	0.9214000638906641	0.795124925785438	0.9507884541331698	1.0651290844983727	0.9620456314529249	0.7903248277165057	0.94486042226362	0.8257047246517968	0.8804790333860656	0.7427314759240988	0.7697248884126153	0.9574321116386192	0.9871216881462019	0.8412307937495483	0.8137673633731439	0.9356177451937798	0.950065680580537	0.687806657977282	0.9082946794392348	0.8380787954665252	0.9259320475063388	0.8387935595371427	0.7443657663596707	0.9893606227556444	0.8855340088823477	0.9861322214893864	0.976091249963865	1.021676872566763	1.03195051216356	0.9623444243469768	1.0115975406348188	1.0658876626655283	1.0756594421236245	0.9877787963057882	0.9877586933898294	0.8483665826401943	1.0343071138670934	1.0637807850642622	0.8506159003569091	1.0216704148516196	0.9161102192357989	0.9571478149441254	0.7592123341167679	1.0739172550469775	0.912537760467075	0.8845962977328345	0.9659189804890651	1.0730854513210302	1.0775054783321996	0.9554809810478059	0.8485558365284022	0.9850302587266432	1.0125499032389929	1.0209890056522994	1.0688645446187428	0.8908767068040452	1.0417994340821128
nagyszerű [Neutral/positive colloquial anchor / Core]	1.1327889452980975	1.058273665394835	0.9773431136689222	0.9790679036974596	1.1000876449810126	1.1071245486959	1.020581057829623	1.0287994845340034	1.0553787161391213	1.0465917694361868	1.0450702759445396	1.011124718230871	1.0970104591561896	1.1385288137814147	1.0541268407494593	0.7456840169897889	0.6277541972780811	0.8686851138065113	0.3271408117576675	0.47467380045690677	0.8198280195823613	0.2944293475103533	0.790701073445736	0.5727688603594259	0.6341715011417692	0.6945218824341814	0.6195154147095867	0.32876982486322737	0.3392968536169403	0.813459678571953	0.0	0.7793068858724116	0.5015164011298302	0.44421563252472607	0.6279675831497409	0.2686049519241509	0.5148365512184295	0.5966365212806992	0.6074209574431482	0.5639319269630638	0.671940884921542	0.7376975665735328	0.8033693203675711	0.8274228493130534	0.7208823646492069	0.8708798495731787	0.768188636870679	0.7746411562634357	0.5996100742787094	0.7082880093361932	0.916128337665739	0.8359310268742113	0.7443086134899198	0.7583548738417684	0.8455155704212399	0.7927015011609608	0.6525291304511636	0.7919155243065787	0.6650830796677027	0.7050587359433929	0.6638184270317218	0.6793603826989405	0.7334681648332454	0.7754663012978514	0.9416214704389618	1.0933420191138077	1.0373040840493188	0.9234341444445477	0.879226714522105	0.8701158743716486	0.985914779517463	0.852789481785014	0.9574757253349727	0.9474928344749028	0.7911031502000763	0.7493837885176406	0.9114522213136629	0.7840313799517893	0.8421068789310493	0.7189763521520658	0.8589922732456201	0.7092956032907707	0.9693518284604016	0.8729494341443894	0.7197814440488228	1.0390258370988041	0.9787098384931965	0.9309674550084076	0.9117984100372237	0.5954944874183965	0.90742898766158	1.0128886564183457	0.9283785598835804	0.9697954004441074	0.9461468967784107	1.0283800877236704
nyugodt [Neutral/positive colloquial anchor / Core]	1.018882651113673	1.0446712404009613	0.9045927140493748	0.9530990682699814	1.0368696791115033	1.0218841543110206	1.0342472794772541	1.0451513887604496	0.9825760689434472	0.9949559126239547	0.9604192637653941	0.8854135934475139	0.9429814760014643	1.0588477678029073	0.9632033679059602	0.8413400891247262	0.5571168163933596	0.5606993505356347	0.7769965025848574	0.8148928716382592	0.758246910502689	0.8157853451655949	0.8993313102184477	0.6214819826752764	0.6125267582156732	0.7592953293572757	0.5514287710742248	0.7747812284057394	0.7933343818957004	0.8398904395919534	0.7793068858724116	0.0	0.8419577347929098	0.8098209715535859	0.8029497550591113	0.7788323083697645	0.7394070290825511	0.6919117360157688	0.5608014638625489	0.7212452631129029	0.8077828758067682	0.8702618134093831	0.9118507684057625	0.884139937057281	0.7996756835067221	0.6668848032098129	0.7466954430885766	0.7041159641893217	0.795342143941011	0.8812009050492065	0.6814341517275221	0.8085633407801488	0.8109206626087677	0.8523895257086408	0.7729999488407835	0.803298922928538	0.8033790590045942	0.7564720931980986	0.8025693521058561	0.8296438443392374	0.7058886208056123	0.819284076669184	0.741422781114927	0.8656618546202548	0.9484343229260864	0.9672228601969224	0.9566911841024318	0.7275658371862568	0.8041251120653006	0.7746495976212009	0.8992657929581841	0.8140667522416736	0.8290082404450431	0.834798503110216	0.8529080438089303	0.894543373359186	0.9340194340644442	0.8381831810908631	0.9279632328630704	0.859437286656412	0.892951090413635	0.8298379024975078	1.0154042819249307	0.9110026752286956	0.8334074036718108	1.0028786701737216	0.9376135338620396	0.8233337356089129	0.826422562874959	0.867180142303381	0.8046526519350735	0.9436846330200215	0.8977334231044429	0.9820911797859083	0.9395625028339811	0.9352202989379677
pazar [Neutral/positive colloquial anchor / Core]	1.1307804428534634	1.0739296087466699	1.0200069462030856	0.9765551629007242	1.0927443719051233	1.174778742298653	1.0244377014490458	1.0371999599841757	1.0735554051689704	0.9788537477443796	1.0615022448547176	1.0485980511605073	1.1183699958458007	1.152574149140525	1.122205620710682	0.7348783386184761	0.7756064322653683	0.9214518417874152	0.46111453698212146	0.48471618542332506	0.8598127144566224	0.47900756056456884	0.8414176393728461	0.7633541991592949	0.6971218053104676	0.799586163017698	0.5740521573550106	0.5692065906518466	0.6212412004935575	0.8116950628586912	0.5015164011298302	0.8419577347929098	0.0	0.3573883806282553	0.6736974019121613	0.43966505036448533	0.5624123586333711	0.6825478099068183	0.6104149531599339	0.5967592247610738	0.7593275723411831	0.8291487388364576	0.7615507185686233	0.8465261873528748	0.7688985284582026	0.8725450847530942	0.8245322651150848	0.7647405046305589	0.6421180008076581	0.7341897530974624	0.8691148851020802	0.7677446230159448	0.7153928186910459	0.7828812671345268	0.8511412616636544	0.7604599144248603	0.7489466831509481	0.8387598238389072	0.7192833930562201	0.707832531183999	0.7550496279400569	0.7732121718542229	0.7102159203243671	0.8080705317435073	0.9664560900834214	1.0345268287885663	1.071957693751847	1.042953129402674	0.9236848937158935	0.9025268430592299	1.0677848400716237	0.9705029696672876	1.0238856635925342	0.9331769191600326	0.8450557107726195	0.8341711038115568	1.0213382149223715	0.7949634980177145	0.8585568283204509	0.786914934753659	0.8637529127580849	0.7600840854258886	1.0506317376861287	0.8532614466172517	0.8066781174842265	1.1108687945006892	1.1267923238534108	1.0354180626351588	0.9879005957994568	0.7935859330776898	1.0149684660800053	1.0771136371499521	0.9923498427104299	1.0304687299142536	0.9737360160140593	1.064957258650759
pompás [Neutral/positive colloquial anchor / Core]	1.0789830583268678	1.0656424367665742	1.0079845713539206	1.000318628559153	1.0734506806765247	1.1922483684992295	1.0373853960940322	1.0324234736997513	1.0729052055657793	0.9773816187517017	1.0786883926282367	1.0924457631467128	1.1176558791207662	1.1234364296403945	1.013758155873752	0.6107884490980695	0.6822799998752619	0.8854582976209348	0.3833251699107719	0.4075321087270122	0.9475371151677439	0.5149516823929202	0.7717978355388617	0.7518412646528221	0.6540807653619334	0.697452772551537	0.5834149901593553	0.5435550490161098	0.645617302354409	0.6719802478401724	0.44421563252472607	0.8098209715535859	0.3573883806282553	0.0	0.6541944148961069	0.4974864955423981	0.4689139701605636	0.6890723523640869	0.5391118993010319	0.6277361112615556	0.7160667916611222	0.850089034976634	0.8859876958326516	0.8096296094490549	0.7396991669375818	0.8544879878899182	0.8192841037969274	0.7861506047591214	0.610541137893263	0.6220823775336408	0.8988616223621214	0.8739135453809336	0.7164180465370917	0.7592111227639109	0.8864344014129892	0.8373170466202327	0.6522036904189463	0.879489567570831	0.6221421710399513	0.7410243140030643	0.7068295467005226	0.6926512775528981	0.7549857526920385	0.7526189955809726	0.9692069835728009	1.0433361884413344	1.0627925913089693	1.037274988794717	0.9414253700380796	0.8403463471653891	1.0679966882721201	0.9684304247467332	1.0322839854700034	0.9835602506561396	0.7056390162378176	0.8336461360466925	0.9438767866182576	0.7201482907840427	0.8403575278035552	0.719067007773613	0.851669574096426	0.6844603126944614	1.055991744826845	0.787741412996827	0.7280339097909244	1.0683206235755	1.0831049503571764	1.0468139435653918	1.016087597673966	0.7546197447384698	0.9919413187102257	1.0437218775447672	1.0132271189840643	1.016999031207561	0.9695436737232597	1.0673835770172138
príma [Neutral/positive colloquial anchor / Core]	1.0566002203531286	1.033463432402679	0.9878106995164067	1.0120007546495957	1.0337637996245117	1.0994044866748094	1.0202683168176132	1.0131263625780451	1.040318276966876	1.0437908087908478	0.9348541865592731	1.0250113837716803	1.077316806074378	1.0032247892995565	1.0075693608026595	0.6590440546342902	0.801068865879713	0.9198601268751302	0.6897735231819968	0.7350381058749602	0.8856859521455706	0.6404528883388001	1.0147209243212796	0.6255778670578864	0.6929243549008856	0.6974178011623393	0.6558225719075333	0.6483631423667122	0.685256614428793	0.9268619927916093	0.6279675831497409	0.8029497550591113	0.6736974019121613	0.6541944148961069	0.0	0.5449077710118311	0.6414728023489237	0.7113677923875883	0.6975769171104167	0.7521506647665466	0.7999261320512323	0.7537630600868299	0.8471143004576072	0.7473389341625661	0.8192105845995733	0.8491337921652985	0.9581178579802885	0.8080687843136176	0.7545957344311696	0.711365247760136	0.8044663527501991	0.7278115982997173	0.8241947697019372	0.7784631310126559	0.8093939823732068	0.8369578090271373	0.7780033677984799	0.7453261837025577	0.7042043659561675	0.7803023137305826	0.8578908539594077	0.824520482332392	0.7781083621602753	0.7340120882925918	0.8860712372751667	1.0111057735962743	0.9779610979160147	0.949307115697736	0.8944751317571907	0.6917149017529081	0.9337188726985163	0.8316117293676499	0.9542371628646873	0.854485251708027	0.7530335671532553	0.645654834754606	0.8870260375917115	0.8453122037495292	0.7124277269634256	0.7956201536936522	0.7941442958543862	0.8330876889446993	0.9086125186154816	0.6998828965449876	0.773674871053158	1.0199470402508302	1.040405880533573	0.8920453626533911	0.9788622874075694	0.8036339977902722	0.9097401951593213	0.9942050254288718	0.976710989863323	0.9844790482075289	0.9601314015476425	1.038611516035868
remek [Neutral/positive colloquial anchor / Core]	1.0803041932568813	1.0688986260961721	0.9661469694271666	0.9634327814945589	1.0713519662582194	1.114456157709087	1.012229315201938	1.0094461746431294	1.0499586350812877	1.0046172289549475	0.9986573117414426	1.016118835430395	1.052251917908747	1.0801288756334255	1.0066081700855163	0.7310736962876389	0.7219907628216852	0.9277872446051191	0.4956748297296083	0.5726299269201338	0.8200186729357044	0.34883192940234775	0.9722541245463703	0.4842760433588318	0.630054940306652	0.7201109167036148	0.48826060244867675	0.2692420104898777	0.32858475187163116	0.9569898477630902	0.2686049519241509	0.7788323083697645	0.43966505036448533	0.4974864955423981	0.5449077710118311	0.0	0.552691786709639	0.6214265447760872	0.5725057779909772	0.5008095457096451	0.7565029281211852	0.7996845573493575	0.7567317584021299	0.8034552146042115	0.7818283520200701	0.8107141998008603	0.8587254368510142	0.7513998958937286	0.6827226485508238	0.7931668037967555	0.8181610457366488	0.7445506543015774	0.7696019935244602	0.8064702163104183	0.7652774566187243	0.785783366623285	0.7668493068722824	0.6916012142076031	0.7242484423220967	0.6921875257071601	0.746112101050169	0.778957878027256	0.6985646921798441	0.8180879976965792	0.9113630760462232	1.05866646920111	1.0082563954432504	0.8832531671895756	0.8364303342180568	0.7724667903683964	0.9423279301047349	0.857875903425824	0.9372734188548084	0.931105468830014	0.8574474832738442	0.7073566110846161	0.9187556641119698	0.8303410711905236	0.7441389771130624	0.7235839461320329	0.8918155543293264	0.8355494620976969	0.9471128486948558	0.8587391561244335	0.7651006613355837	1.0498124539520584	1.0015452623808059	0.8459974693273837	0.9275291868410429	0.6930058805009895	0.9305700564180966	1.010956049830922	0.8980072108340165	1.005851348072174	0.998954479250963	0.9849307789032223
szép [Neutral/positive colloquial anchor / Core]	1.1121053894140462	1.0804336438174722	1.0134615435847762	1.0210147850698295	1.0854417079027456	1.1440558055421457	1.064977037836026	1.041383276280373	1.0539396851792657	0.9666727602902297	1.0147360763004392	1.0406439449520861	1.06046893648728	1.1099031619341084	1.05596210293767	0.4756897752093633	0.5142979300730739	0.8495695605060312	0.4391750985934467	0.5129668045247646	0.872428403796505	0.5705764926616351	0.8337936511254204	0.5892153117630987	0.6023333627894127	0.5491103244286917	0.5133409006151597	0.6687854410009546	0.7373304856322539	0.7637941641974423	0.5148365512184295	0.7394070290825511	0.5624123586333711	0.4689139701605636	0.6414728023489237	0.552691786709639	0.0	0.7184176863135758	0.5199460787974188	0.6259332990438957	0.712798082554372	0.7108824984247869	0.7839162820364788	0.5527722650029835	0.778070554173687	0.8725819852116244	0.714077844927277	0.6975785697846422	0.7091306621051447	0.6740766449336133	0.8083799280394229	0.7278735559420342	0.7005519174004644	0.7060765078870479	0.7861096634552827	0.7917705801278957	0.6825179741746863	0.7101229174596286	0.642740599984856	0.7174796171046476	0.5714528790541866	0.6865843742272046	0.6890299047056831	0.6942437478272723	0.9255185173235263	1.0424444968250506	1.035174247064016	0.9049812066501118	0.8930990888535176	0.696920167069107	1.0070886829092325	0.8738823688413806	0.9800311443967507	0.9320354980237983	0.69927425058804	0.7709612219921343	0.9572509231439694	0.7500741933979804	0.851481337325825	0.6937534424033628	0.8080191172012111	0.7292599618346816	0.9595161832251897	0.7761192706472815	0.7752776104417924	1.0944269592214018	1.0366217330410727	0.902378870647979	0.9639032591978427	0.8226992509057197	0.9145623616859437	0.9660290287663301	0.9939772059167606	0.9983646274534815	0.9077470917334222	1.0468410302917597
tökéletes [Neutral/positive colloquial anchor / Core]	1.0120831459872	0.9892442820307212	0.8791515050160893	0.9785787630206493	0.9914454529163269	0.9252746778676398	0.9631123922743496	1.0130745884918664	1.0569169442758162	0.9544185279030127	0.8948979628270989	0.8054082317499741	0.9933561559293871	0.9880815084421389	0.9338026313311172	0.8307409483379715	0.6919333874961164	0.8172499564849506	0.6047435705827104	0.6468244811598026	0.7779652124610577	0.6145474299182792	0.6194541036167358	0.5841874382514233	0.7720053640658201	0.878543133360414	0.6718336199810244	0.6463654173536688	0.6663585803831293	0.7038687470988989	0.5966365212806992	0.6919117360157688	0.6825478099068183	0.6890723523640869	0.7113677923875883	0.6214265447760872	0.7184176863135758	0.0	0.7948826052901641	0.6869707577394688	0.7817006128959222	0.8281257265047595	0.832360357485657	0.8164122117656345	0.8164838110808763	0.855874516547211	0.7998827462390676	0.8058109715780716	0.6210162859903756	0.7556540811262686	0.8312571479964377	0.7389550338461792	0.703340064660366	0.7806505215537214	0.8544886339667377	0.8264288484824526	0.7497056263037686	0.6804083765031452	0.7411243784282877	0.7820857534337627	0.8742032555477546	0.7761140583117194	0.739612885093344	0.7848789480257975	0.9023169631355298	0.8878348164591858	0.8842287959532175	0.8705691460200929	0.769573942291695	0.8369956415737423	0.8918717310748497	0.7747409089795294	0.7430304717857612	0.7984439047060863	0.8547486435886711	0.8467689767366097	0.8913826113557018	0.8035851398618727	0.9118167728762668	0.8380730520110167	0.9285941839471644	0.7489164790809761	0.9706644027015735	0.8237181959655965	0.7438147421941768	0.8246751989220287	0.9564773862376391	0.8773633841221902	0.7082004885558855	0.77783434702286	0.8220332441639735	0.9590532993992349	0.8343991035047182	0.9519989423001702	0.9688336436771667	0.9041933552644716
vidám [Neutral/positive colloquial anchor / Core]	1.0599012227820714	0.9924299256612044	0.9286357842862749	0.9645768465044365	1.0475416430704512	1.1002543393286182	1.0069225459023188	1.0238318711068557	0.9799343469638536	0.8971750635508303	0.9874212309856241	0.94951541709802	1.0350521574346507	1.0949585134866666	1.0329397065084178	0.5701998029867312	0.48531141546118717	0.6899029017534338	0.6102706957560945	0.6408778936470613	0.8381848884378496	0.63285212745526	0.8703555245378263	0.6608861389791048	0.3014608823770786	0.5528946760973756	0.4439840312099115	0.7129049706531492	0.7995471926284633	0.7880692796088277	0.6074209574431482	0.5608014638625489	0.6104149531599339	0.5391118993010319	0.6975769171104167	0.5725057779909772	0.5199460787974188	0.7948826052901641	0.0	0.5621597421932254	0.7644506628622263	0.7836567651573932	0.7894550302839555	0.7407211536809515	0.7468743151940779	0.6994888905417869	0.7239579046749889	0.6518403521961322	0.7056633537780739	0.7200364928626791	0.6640134012921738	0.6869180443301037	0.7051313598311975	0.7488891373821488	0.735494805364995	0.7621202062814343	0.7300959637096377	0.7821074749759362	0.6130103786435745	0.7998834766416543	0.5431843270338095	0.758067924456537	0.599101049371664	0.7337782539016775	0.889339090836327	1.0341017866992481	1.0285622558112633	0.7382057356481062	0.743544780426652	0.6428582712862339	0.8546633131378301	0.8429990364630936	0.9225780770907174	0.8874004869687904	0.7428202644861148	0.7119325828782244	0.839642122054976	0.704604902848615	0.7723782715232087	0.6488151989241557	0.7905801097523351	0.6770471889171223	0.8690900447560691	0.738065975141636	0.6812909615757015	1.0430230796422715	0.9423450615264557	0.7564003900350837	0.8130701721677781	0.7049281264916265	0.7566118176162334	0.8746604869182548	0.8705674357265334	0.9092547939882996	0.8988945971093165	0.9539054281392292
élvezetes [Neutral/positive colloquial anchor / Core]	1.0962897322818828	1.0756269829685938	0.936130823251104	0.9657097586684785	1.0356452515542824	1.103816378055527	0.9935694120547993	1.0276874249097274	1.0383006711109295	0.9692315714138953	0.9305448440645135	0.9317487005737557	1.0185976604794162	1.053234896427116	1.0286537927281107	0.7301289896428064	0.6965805118479902	0.8867539885044389	0.6372818002607399	0.7286550535987268	0.8168263187910019	0.6059545585590302	0.9023779098862823	0.6426902485583081	0.6376758193493507	0.7325992225110672	0.4410646376212025	0.5880807449545414	0.6637658362858198	0.9214000638906641	0.5639319269630638	0.7212452631129029	0.5967592247610738	0.6277361112615556	0.7521506647665466	0.5008095457096451	0.6259332990438957	0.6869707577394688	0.5621597421932254	0.0	0.8804572435347869	0.8708000670397247	0.6613280868230292	0.8521619356926408	0.8064176891105486	0.7639991100710268	0.7209039723570412	0.5358394238434411	0.729325823195593	0.8618904288861715	0.7703066340167417	0.6031369511772451	0.7317437635393729	0.905497079327949	0.681054815913158	0.6809376313630846	0.8825268359026385	0.8368061140268022	0.7962067535364973	0.8016742705016094	0.7444704236971706	0.8921178500326344	0.5475247645917882	0.7686531403775233	0.9190646144086908	0.9889161310150785	0.9648455701139955	0.8925247213725563	0.832640765690203	0.7837390777247333	0.9676196446410605	0.8909584228674963	0.9410945310213777	0.9690398499651267	0.9373609198059405	0.8557259053175308	1.0097512329924738	0.9072216739686472	0.8573634265566672	0.8545166403934625	0.9882981080578108	0.8734299018433779	0.9883292766932927	0.903522759850047	0.8474666076233599	1.0825747636349916	0.9627381104744347	0.8450741133035368	0.8506319323710918	0.8271381201928383	0.8862923032103296	0.9709321008159922	0.9425423524639568	0.9865414947574918	0.972040570500584	1.0133555441557438
borzalmas [Pejorative colloquial anchor / Core]	0.9819630543016666	0.9575483926983461	0.8731045903157211	0.8745281216693348	0.9571978936525024	0.9351814529168347	0.9784551987961841	0.8794471207758165	0.8831354705693164	0.9185056920225486	0.9160673825265228	0.8053766038196841	0.9618813347733127	0.9974714716121016	0.8769556188952646	0.7822140884993897	0.729773887148236	0.809939661935267	0.5906216273525866	0.5808911427389574	0.9999535550334343	0.5927808952653137	0.7956606599362702	0.7508839078608242	0.7980147140455875	0.8525815529645164	0.7851648941959316	0.8529351359091274	0.9101297058286457	0.795124925785438	0.671940884921542	0.8077828758067682	0.7593275723411831	0.7160667916611222	0.7999261320512323	0.7565029281211852	0.712798082554372	0.7817006128959222	0.7644506628622263	0.8804572435347869	0.0	0.49633059125047185	0.7050990909196349	0.6008852871461259	0.6122906463076121	0.7056637853361143	0.5695994027737203	0.7928277043670342	0.4721144779130333	0.47182185956240175	0.7293258324836868	0.6919964168654025	0.5267680154315129	0.4598612675884749	0.6311857702764292	0.5840718499747831	0.2900017356996505	0.6153495470417909	0.41214895681937325	0.5662285676498543	0.5248031351247647	0.24764068706598663	0.7338674173279134	0.5011184301105056	0.9702764196886468	0.9736363814623652	0.860244277599501	0.7268970342696681	0.6933825332413623	0.7543643481204982	0.7805057201565816	0.6724417060265904	0.6791832020209772	0.6946959176463834	0.7247199660617101	0.752258857110096	0.6552126612660956	0.5576412154284962	0.8776412922622174	0.7921679580236581	0.7744658602455377	0.5050636082717446	0.9129831951738099	0.7234768750733411	0.5677776147379425	0.8655672464563124	0.9770813128949474	0.8523182125139636	0.7668261966765072	0.7768502405939846	0.7004073341148541	0.8231250201755731	0.728126101190151	0.8015412774604929	0.7913043039942504	0.8027974952357391
borzasztó [Pejorative colloquial anchor / Core]	1.0498701124073235	0.9356916872128594	0.9431692667947803	0.8923628802076409	0.900934867260613	0.9884733693067606	1.0022072593422784	0.9644043929372814	0.8727095333173154	1.020698479373531	0.9033315783058699	0.8687820438547299	1.0032311221150962	1.017615286737532	0.9873341315174914	0.7665461361598719	0.8332758446161793	0.9682951667327451	0.6943163385412434	0.7947282800758914	1.0055732858298074	0.6646751411273006	0.9358439408895812	0.7390026067495239	0.7659164637776831	0.8132991062227984	0.818542752802873	0.8791939103309121	0.9277379137654029	0.9507884541331698	0.7376975665735328	0.8702618134093831	0.8291487388364576	0.850089034976634	0.7537630600868299	0.7996845573493575	0.7108824984247869	0.8281257265047595	0.7836567651573932	0.8708000670397247	0.49633059125047185	0.0	0.6935713820261741	0.628423035143107	0.7220670944757177	0.8245693512839967	0.6433082975524007	0.7078984802679931	0.620939475883554	0.6374656064655679	0.7620713823468037	0.6632356271508058	0.6046960603645051	0.40804248392201903	0.6859116932512113	0.6866968178893784	0.4048453849416198	0.6671215706791909	0.5378607240805962	0.6719217743843819	0.6320073845089148	0.4865379375969966	0.7151357445011799	0.5661831287379377	0.9152646602877392	1.013882756173585	0.8849688635832232	0.7439506176969671	0.7676217100790078	0.7399442223251972	0.8130996896536014	0.7302966080895199	0.7768626770887013	0.7520927743479273	0.7134153883543864	0.7486745647415105	0.7681362193322966	0.7106841386511802	0.917162389308727	0.8372112317456208	0.8077498680931121	0.7113154106988242	0.9455272319266637	0.8025897216353456	0.6836606382609907	0.947512828751683	0.9403137232160943	0.7795524691096695	0.8348110743604387	0.8971603729727109	0.7153398400439553	0.8623160006443936	0.8199481141828194	0.8524226022064231	0.792172258061251	0.8789779563021103
bosszantó [Pejorative colloquial anchor / Core]	0.9369559047913484	1.013698480027055	0.8395112079232281	0.855616580026282	0.9033967561850179	0.9145793404811089	0.978146411271136	0.9210081644298084	0.9087839942734715	0.9575475211328552	0.8783097172901343	0.8328364863941777	0.983065003032243	0.9519939238399764	0.9801444720182038	0.7629146888633245	0.8642064528812176	1.0124115928171948	0.8007454028647288	0.7917841610904683	0.8977461246879834	0.7542482088953615	0.9835830964709765	0.7453525919416965	0.779645125062417	0.7323136597300457	0.6971354297243775	0.8851095625046531	0.9360525481671578	1.0651290844983727	0.8033693203675711	0.9118507684057625	0.7615507185686233	0.8859876958326516	0.8471143004576072	0.7567317584021299	0.7839162820364788	0.832360357485657	0.7894550302839555	0.6613280868230292	0.7050990909196349	0.6935713820261741	0.0	0.6714097707956279	0.7190631507774188	0.7807070586918793	0.586044000315301	0.6085404566354509	0.6991545940598021	0.7719974561551648	0.6333108448086655	0.37998257847014216	0.5722795936037524	0.7746306363101488	0.4526405422408907	0.48652159590559907	0.7288948790356102	0.6886208525669409	0.6617490063744046	0.7107338601154007	0.6145466387406104	0.6901618655451236	0.5649479587003954	0.6180912391554843	0.8660238792858499	0.9621747723921052	0.8443326234389547	0.7947269800452917	0.7132467550179009	0.7142253115252104	0.7930578206163594	0.6725874520288289	0.7503987787651247	0.8046940869970829	0.8941325733440557	0.7607400627879076	0.8217901327265376	0.8028802194611907	0.8283338235077009	0.8552164558052415	0.8648010876203673	0.8280025283777228	0.8788353612387922	0.7953783148516316	0.7885745198942017	0.9983716350220195	1.0388374334919759	0.8271721662829203	0.7226164855169677	0.819090710325391	0.7746646753122418	0.7973529735611109	0.8326267660454807	0.8809919292126334	0.9189317716997942	0.865550960444948
csúnya [Pejorative colloquial anchor / Core]	0.9086425906632314	0.9575163956636513	0.8080269357339236	0.8757908803193992	0.9211289280517858	0.9204702810825219	0.9837613276378365	0.9559311290346606	0.9371325103960719	0.929084617351955	0.8964187309430428	0.8685716662700494	0.9683213731522083	0.9711196416078112	0.9449777608556553	0.5807162999778962	0.7800327492992504	0.914045535037827	0.7904860478076395	0.7845748868512274	0.8814415808373212	0.8002782064609151	0.9298904091253875	0.6816289530542889	0.7484907590394665	0.7073743781195914	0.8043005279086497	0.9043666594748856	0.951318821649093	0.9620456314529249	0.8274228493130534	0.884139937057281	0.8465261873528748	0.8096296094490549	0.7473389341625661	0.8034552146042115	0.5527722650029835	0.8164122117656345	0.7407211536809515	0.8521619356926408	0.6008852871461259	0.628423035143107	0.6714097707956279	0.0	0.7700288809961292	0.8246258700087996	0.6875147110740112	0.7988742756220394	0.6818224851237676	0.6330892229572619	0.6234802368024756	0.5964418978619714	0.6406522564270967	0.6925474914399519	0.6827987977365343	0.6763343564203351	0.6484884005212519	0.6094376351773976	0.5730363500983708	0.7128533001345518	0.6075838640182758	0.57489344280248	0.6790672549083876	0.494440717957108	0.8634265291018158	0.9375911321977315	0.838230842089535	0.7629016573298564	0.7512758942378571	0.5580516423282883	0.7994515655342656	0.6580559073713739	0.7288753677499173	0.6583128047838036	0.6492245673734875	0.6905795649802955	0.6641327374081591	0.636091116930068	0.8538125294164909	0.7064776387309479	0.725550949522054	0.6909807077568291	0.9066072287943685	0.6704214337605291	0.6932596202837701	0.9254515135902489	0.9362967745524353	0.762878986896445	0.76484060768983	0.8886104679180566	0.7383531410948785	0.7999006732222369	0.8350517093523657	0.8474941114646171	0.8453772203382358	0.8856586491913074
csüggesztő [Pejorative colloquial anchor / Core]	0.9911832096167089	0.9385202111515842	0.9296456937339599	0.96358795894729	0.9018834206369165	0.9660016974057187	1.0017609808092756	0.9418791099851774	0.9704717700124199	0.9400729280161458	0.9192285559911206	0.8993226515845393	0.961586177265215	1.0365879429054112	0.9996457111483483	0.9117414677361377	0.787251557601839	0.8302588808971334	0.757003492681281	0.6898152644152874	1.0101501868694795	0.759459707219851	0.8293741990651593	0.8194998801957967	0.808328820384144	0.8659411577054595	0.8126008623514988	0.8210850647675818	0.9065041831080897	0.7903248277165057	0.7208823646492069	0.7996756835067221	0.7688985284582026	0.7396991669375818	0.8192105845995733	0.7818283520200701	0.778070554173687	0.8164838110808763	0.7468743151940779	0.8064176891105486	0.6122906463076121	0.7220670944757177	0.7190631507774188	0.7700288809961292	0.0	0.7559339547130727	0.6203845827028736	0.6758291091893254	0.6419313598004754	0.6612881736757342	0.7752449618395295	0.7765021360309028	0.6573107218557214	0.6634720562697984	0.6971433982112429	0.644744168994394	0.5754116778694447	0.7470657332795394	0.6229587765403903	0.7228214506651458	0.6574097998696572	0.5727929191722995	0.68248430703907	0.6973279782054684	0.9374732625759314	0.9747568164776234	0.9699419184414019	0.8349188902069289	0.7186506756795248	0.7904650748931901	0.8991746987119721	0.7791325123692217	0.8670445317864128	0.7864685842294008	0.7999001786519839	0.8321377475822296	0.8920397552899515	0.6601635066502805	0.9405524629865589	0.788842478795122	0.8905953786734658	0.6378863929590595	0.9450334326435582	0.8326128311842609	0.759152520027651	0.915586190094452	1.0819952412416922	0.9334309835770705	0.7832109466332436	0.7968540231850176	0.7707157535010288	0.8294051443311878	0.8431065622470061	0.8979393938143948	0.8588400220795329	0.8867739596978785
feszült [Pejorative colloquial anchor / Core]	0.9713339230578716	0.9342408120102953	0.949217105153046	0.835800256160938	0.9848993246510527	0.9850071171787068	1.0107554216913504	1.0122789169957251	0.9678330659683343	0.9263244481186534	0.9370738174813611	0.7797617451527389	0.8665686013570575	1.0240562901464447	0.8693868029984302	0.8961592515601391	0.7566583831630298	0.7197767835190864	0.8790628260363558	0.8732259624709365	0.8186289208819213	0.8236978723506865	0.9611860420798055	0.7517377109369203	0.71735276648775	0.9207537444257303	0.6933836893725294	0.8341910661134581	0.8587938394316657	0.94486042226362	0.8708798495731787	0.6668848032098129	0.8725450847530942	0.8544879878899182	0.8491337921652985	0.8107141998008603	0.8725819852116244	0.855874516547211	0.6994888905417869	0.7639991100710268	0.7056637853361143	0.8245693512839967	0.7807070586918793	0.8246258700087996	0.7559339547130727	0.0	0.6888260548801346	0.7025018860199153	0.7561333174127418	0.7983336878189554	0.49860750688490296	0.665177559618547	0.7137598304533471	0.7665385337427542	0.6085047172039038	0.5172951348924177	0.7337214399117885	0.6772031885757244	0.7233196478881855	0.6609164895993553	0.665970284855262	0.6869126483113523	0.7349688873080003	0.8005197863903041	0.9577461517988336	0.8582732314542724	0.8936116909174884	0.7101611856529908	0.6223041977820738	0.7246363534872761	0.8030905959732125	0.7110087715964735	0.8283673373148479	0.8279325864854843	0.9393649490452579	0.8411443751456527	0.8403022503011118	0.6745298961053514	0.9278484916457345	0.8930962592372931	0.9061893849586815	0.7207457918780378	0.9083034174533565	0.7724209934450008	0.8201434006834895	0.8704767816990273	1.017754964854923	0.8100350246915444	0.8211045484542193	0.8770010150441336	0.7634006475297801	0.8325860720517659	0.7998570439753105	0.8769557230515486	0.8754948084959484	0.8323243284657083
fájdalmas [Pejorative colloquial anchor / Core]	0.843390505651463	0.8332050793971678	0.840805392676566	0.7318336731952847	0.8587547836976436	0.8043783807471886	0.8851206714912212	0.864937395005827	0.8202973561288013	0.8902609386302792	0.9297724055690683	0.6714906259019298	0.7914053304600377	0.8534860778635818	0.8681057418283509	0.8391787340629292	0.6589138360346622	0.8270123872173576	0.6942979200504871	0.682342488529078	0.9395971799199011	0.7907613980272012	0.821912399385171	0.7768677279534968	0.7415531249146283	0.7505626119679375	0.6628852877631761	0.9112502812236745	0.9764788062918885	0.8257047246517968	0.768188636870679	0.7466954430885766	0.8245322651150848	0.8192841037969274	0.9581178579802885	0.8587254368510142	0.714077844927277	0.7998827462390676	0.7239579046749889	0.7209039723570412	0.5695994027737203	0.6433082975524007	0.586044000315301	0.6875147110740112	0.6203845827028736	0.6888260548801346	0.0	0.5923740334482152	0.6284906608344247	0.6888581319442659	0.6828669710194146	0.6408780151866151	0.5320936717043419	0.638636931799357	0.4349196988387867	0.4473697384037154	0.5400449446077917	0.7096018794205512	0.6233145756742251	0.768056511044916	0.4730512671642013	0.5046197821727989	0.691568192286031	0.6807129607462747	0.9589768304573151	0.933194147230973	0.8231454684626418	0.654313306483929	0.5820244932741954	0.7855651648432311	0.7411677260861498	0.6929130425443666	0.7752289594062924	0.8009781850740021	0.8820173846597434	0.9222430467051136	0.8908931455405842	0.7020404494711014	0.9400301174766686	0.8522037644908974	0.8859324968127792	0.6766939868732108	0.9419285286085735	0.7882636548365127	0.8285988762077983	0.8388733919990053	0.9469423654538692	0.7708861622069496	0.6487904374612148	0.8951578255481034	0.6402218436147722	0.7282819519351469	0.704095920482783	0.8208688195460738	0.7820437531064395	0.6538965906939882
fárasztó [Pejorative colloquial anchor / Core]	1.0666766314735312	1.0823526733351747	0.9039805136801735	0.9103025742350983	0.971773971544406	1.0307731710645238	1.0101546812903979	1.0080101121009017	0.9240988825721563	0.9819127911407933	0.8292349516323547	0.9245286498825445	0.9377703301733297	1.018328297385758	0.9480230133553652	0.7877297072710888	0.7104966798571417	0.8804301456147654	0.7688519592265104	0.8030595115557098	0.8275328111257055	0.7656291397970917	0.9320596381395501	0.6948449363786448	0.7124730400388586	0.8009418465470828	0.5584312815567503	0.8354663302296684	0.9000981661504073	0.8804790333860656	0.7746411562634357	0.7041159641893217	0.7647405046305589	0.7861506047591214	0.8080687843136176	0.7513998958937286	0.6975785697846422	0.8058109715780716	0.6518403521961322	0.5358394238434411	0.7928277043670342	0.7078984802679931	0.6085404566354509	0.7988742756220394	0.6758291091893254	0.7025018860199153	0.5923740334482152	0.0	0.7478907139825016	0.8303333789394194	0.659970812549505	0.538669206666323	0.7321074658602416	0.762429359398832	0.5842331027479057	0.576999962511599	0.7601225572724049	0.7356536087711303	0.7203124350157211	0.8016083645393306	0.6884778957032147	0.7558105842694592	0.4490696304957542	0.7574186231025407	0.9082040551088199	0.9519131030021353	0.8879280714579829	0.7960824787883624	0.7758711835888945	0.6958399963033481	0.8949959133605347	0.8284850163361572	0.9486890521769221	0.8867949564741595	0.8490175815136074	0.8581082355785355	0.9225170665231128	0.8858745302680852	0.8266595372623806	0.8899566811318155	0.9405950208633301	0.8655379502003836	0.9138810221325612	0.8421837387013985	0.8018490481858509	1.0626994041031697	1.0143301656390868	0.7831318405304145	0.7993199498894104	0.8582207860778686	0.8347416664063722	0.8917915461386092	0.9317298695063484	0.9135881203963961	0.9284786408653665	0.9407654300009742
félelmetes [Pejorative colloquial anchor / Core]	0.9462393814920591	0.9966053174323038	0.8285325052902751	0.9094217984871972	0.9480194391563741	0.9355833148087767	0.9413453870317722	0.9132464314829708	0.9246861844756515	0.892999222265896	0.9987882686492078	0.8453969777613618	1.0412294400566167	0.9732676458026293	0.9278210885717949	0.7729596684396673	0.761006084210027	0.8471334408718227	0.5320925594039438	0.5632582194189173	0.9530495800730405	0.5049694683465156	0.6914548164626272	0.7656475619636873	0.7122590823850006	0.8122369618150231	0.7574311341164136	0.7473664197599507	0.8219987594681698	0.7427314759240988	0.5996100742787094	0.795342143941011	0.6421180008076581	0.610541137893263	0.7545957344311696	0.6827226485508238	0.7091306621051447	0.6210162859903756	0.7056633537780739	0.729325823195593	0.4721144779130333	0.620939475883554	0.6991545940598021	0.6818224851237676	0.6419313598004754	0.7561333174127418	0.6284906608344247	0.7478907139825016	0.0	0.5454523793752668	0.6937545058020538	0.6334843027853788	0.3930990270191229	0.5193126793961305	0.6858343816973691	0.6780481694135814	0.4002444522118884	0.7681291949800564	0.5112381864754008	0.7092819465388738	0.6283770514169246	0.4664205308865893	0.6755446255072278	0.5292425495100661	0.9768900818996826	0.9936012464569867	0.8515253501731086	0.7775110449712037	0.7309966815677222	0.7619074243945618	0.8015863857999008	0.6515314065597033	0.7283519245050674	0.7226024145896643	0.735475246286977	0.7698477394769037	0.7478850356673783	0.510858221835577	0.7789085184222782	0.7063691837203765	0.76563953566922	0.49053277159638686	0.9708848806994758	0.6771981083083237	0.5166988619918593	0.8696919442526853	0.9906484094506259	0.8692168245212224	0.7792175906525765	0.6523957586036604	0.7428821944311821	0.8289107898465621	0.7790654455045534	0.8176429289137636	0.8381769804067581	0.8591614018254723
förtelmes [Pejorative colloquial anchor / Core]	0.9857846745309766	0.9068423920603267	0.8973747362885091	0.8993865642791411	0.9598155033226469	0.9661675762735789	0.931471081211593	0.9437012858707788	0.9024055125170466	0.9204914770978684	0.8933138077979751	0.8498842756048841	0.9912347924638244	0.9623686519899217	0.9408104019840922	0.719455579667325	0.7741921404512923	0.8188697419808425	0.619798875847387	0.6109430182347544	1.049121423385771	0.7183416270567387	0.8055196014282412	0.8490910551492633	0.7401091013815533	0.7778111666262825	0.822132302770427	0.8400425925862469	0.9407175587796982	0.7697248884126153	0.7082880093361932	0.8812009050492065	0.7341897530974624	0.6220823775336408	0.711365247760136	0.7931668037967555	0.6740766449336133	0.7556540811262686	0.7200364928626791	0.8618904288861715	0.47182185956240175	0.6374656064655679	0.7719974561551648	0.6330892229572619	0.6612881736757342	0.7983336878189554	0.6888581319442659	0.8303333789394194	0.5454523793752668	0.0	0.720156768267411	0.7165040214798823	0.5843594998956296	0.5707267702206964	0.7225001102542892	0.686227120162505	0.444577719687947	0.7616445629986429	0.4532966727464275	0.7278160134639712	0.678874721426477	0.46715391812586415	0.7618359043950059	0.49045699194703185	0.9408374514437322	0.9794389857529824	0.8743794411455892	0.7842185018009156	0.7104234800223604	0.7341759627128122	0.8050044965407148	0.7124524467166666	0.7454177375983728	0.7194487563464808	0.6745792748166421	0.7155149085717958	0.7075923476748471	0.5452328354336298	0.8985854683625619	0.7058908492064748	0.711855632757003	0.4677387342133099	0.9557475809141189	0.5839753044051166	0.5855841123052049	0.8955221544782579	1.0227998563986325	0.8948054325814696	0.7571701312592596	0.7585401546447671	0.7005263641147194	0.8137937985368149	0.8000222853397425	0.7926847823134948	0.8428047217861653	0.8803391837165422
ideges [Pejorative colloquial anchor / Core]	0.8803976314625237	0.9600233771360897	0.8301572788196243	0.8550556398116055	0.896374670022403	0.905360245196628	0.9384822191472574	0.9358642687793316	0.9171209158820717	0.9508555140962016	0.8780002968011391	0.7932975704532637	0.8445630922719778	0.9213723704505826	0.8849655522348495	0.7171790636866298	0.6387096200916291	0.894705056052857	0.9151131352269478	0.9050986279153687	0.6985989639465153	0.8360373731163837	0.9603838686179742	0.713913475810378	0.5717064764694851	0.7456655566004442	0.7492992366255274	0.8742063044764922	0.9398969007071604	0.9574321116386192	0.916128337665739	0.6814341517275221	0.8691148851020802	0.8988616223621214	0.8044663527501991	0.8181610457366488	0.8083799280394229	0.8312571479964377	0.6640134012921738	0.7703066340167417	0.7293258324836868	0.7620713823468037	0.6333108448086655	0.6234802368024756	0.7752449618395295	0.49860750688490296	0.6828669710194146	0.659970812549505	0.6937545058020538	0.720156768267411	0.0	0.5140636775997076	0.6506674011888565	0.7041158632274062	0.5981867616575192	0.6136242079965211	0.7167241489282172	0.6431589264126677	0.6771862294969968	0.7553059888218048	0.6322537385189688	0.6923572888522582	0.6110734016340017	0.6332961723433771	0.8180622364343063	0.8892490722578279	0.8284918285074498	0.5530027433322845	0.6379108208459245	0.48192469086453693	0.6704434576828475	0.5592039604311361	0.7637832432693743	0.6227202366385485	0.682836127519298	0.6774448642929161	0.6886380152588216	0.6425666221157418	0.7771858326980161	0.7460048305124608	0.7682306378833138	0.6815026705849525	0.8221665552401456	0.6037511265914945	0.6559857438596232	0.904462235207252	0.9238030586721528	0.6668717608802616	0.7077728047171046	0.8266596547476376	0.6376174694898091	0.6620884943114416	0.7249799239249723	0.7887350957314548	0.8716274786149434	0.7870900773494298
idegesítő [Pejorative colloquial anchor / Core]	0.9677058484523664	1.0328216764726341	0.7994835408247262	0.9023233251192655	0.9026213727978991	0.9332685605260487	0.9750720816056656	0.9379292864068849	0.9484138553263868	0.9237632315596684	0.7963805598165729	0.8007400014347028	0.950616283404313	0.9077650850112472	0.9286353941645337	0.6570424352273029	0.8093086433173972	0.969947120511949	0.7871207191872964	0.8008037782184063	0.8435941060832352	0.7230405422283042	0.9316893649200638	0.6772175610047311	0.6840360832216215	0.7458990440940141	0.6316346191243867	0.8926627090696448	0.9444334459619805	0.9871216881462019	0.8359310268742113	0.8085633407801488	0.7677446230159448	0.8739135453809336	0.7278115982997173	0.7445506543015774	0.7278735559420342	0.7389550338461792	0.6869180443301037	0.6031369511772451	0.6919964168654025	0.6632356271508058	0.37998257847014216	0.5964418978619714	0.7765021360309028	0.665177559618547	0.6408780151866151	0.538669206666323	0.6334843027853788	0.7165040214798823	0.5140636775997076	0.0	0.5428576898130051	0.7477155214820416	0.5163275700045942	0.5335378235258071	0.7181028911549621	0.654376932738393	0.5697517228762896	0.7240716983149149	0.651567433044846	0.6974286990163416	0.4803866946270753	0.5246102095420353	0.8208313443321029	0.9384769125613336	0.8194790784645909	0.7171901955795774	0.6657396757167906	0.6075101073811994	0.7434049235657836	0.6101840006869004	0.7151510653899681	0.7251862048037143	0.8057059154289827	0.6499345246035034	0.7285932788534352	0.7179349199837519	0.7463998759748853	0.7876252257150156	0.7986052450994567	0.7619841234299899	0.8287474295663998	0.6507568200242622	0.6533701961050153	0.9390355605158464	0.9657335662887616	0.7266632741525918	0.6977765090716577	0.7955544512549598	0.7167194164883878	0.7695311452710524	0.7622029904867839	0.8702540815958005	0.8729051407538715	0.8652271098652247
ijesztő [Pejorative colloquial anchor / Core]	0.9054119045488469	0.9420175931883072	0.8109978914190908	0.8727045349330504	0.9109983604951365	0.8553035645932981	0.8802038146340141	0.874506388805802	0.8763357467573762	0.8520396148944541	0.9492834980366839	0.6909476656959588	0.8917772562793682	0.8978182378847845	0.9010963325992233	0.7603759377929684	0.7935375085191345	0.8817060555941997	0.6542179117026734	0.66152993077689	0.9205457225473491	0.6249481741336559	0.7851377001212799	0.7745620366873069	0.7258972684146034	0.8247935755751984	0.7274041968934171	0.8489452632979538	0.9167002752824295	0.8412307937495483	0.7443086134899198	0.8109206626087677	0.7153928186910459	0.7164180465370917	0.8241947697019372	0.7696019935244602	0.7005519174004644	0.703340064660366	0.7051313598311975	0.7317437635393729	0.5267680154315129	0.6046960603645051	0.5722795936037524	0.6406522564270967	0.6573107218557214	0.7137598304533471	0.5320936717043419	0.7321074658602416	0.3930990270191229	0.5843594998956296	0.6506674011888565	0.5428576898130051	0.0	0.5521669071930664	0.5449410633159387	0.5990300239964024	0.46879758537415506	0.6980326109445973	0.5455025740943873	0.6683376710364393	0.5582371920502665	0.5233190619568404	0.6460112415667019	0.5434356567062963	0.8942821536050045	0.8674566795215217	0.7611824594440852	0.6791560011812902	0.6036785685201855	0.7416141432182326	0.734240744834461	0.5918865881129332	0.6397227886401808	0.6847304219168285	0.8296906602020045	0.7873741156815338	0.7683076822724636	0.5844893218141662	0.8245354496675494	0.7443535378443644	0.8418481563928193	0.5674097894987864	0.9230716220670383	0.698079823759771	0.6159019796983958	0.8095423047007738	0.9088872206236385	0.7749278701967406	0.6765303121899071	0.796288606941425	0.6910712716371192	0.7175786954485663	0.6855646395789836	0.793572317373459	0.8415357298048933	0.7817179545000184
iszonyú [Pejorative colloquial anchor / Core]	1.019710497341557	0.9876714270479334	0.9428073610487432	0.9177845209528628	0.9332220634602726	0.9843704336055522	0.9835148244909059	0.9887720161545561	0.9393675073501948	0.9577795119197698	0.967660614601753	0.9232224066588621	0.9229036267376527	0.9779563388023754	0.9766712078313817	0.8179309272992111	0.7653833136436503	0.9149911684749398	0.6702782989599879	0.6881963174081146	1.0169804613306077	0.6296812175964921	0.8360671741367535	0.7829884358769026	0.7655559114870366	0.8820492856031995	0.8442074215025004	0.886384121387592	0.9509747198643054	0.8137673633731439	0.7583548738417684	0.8523895257086408	0.7828812671345268	0.7592111227639109	0.7784631310126559	0.8064702163104183	0.7060765078870479	0.7806505215537214	0.7488891373821488	0.905497079327949	0.4598612675884749	0.40804248392201903	0.7746306363101488	0.6925474914399519	0.6634720562697984	0.7665385337427542	0.638636931799357	0.762429359398832	0.5193126793961305	0.5707267702206964	0.7041158632274062	0.7477155214820416	0.5521669071930664	0.0	0.7647996377769408	0.7540245735875526	0.326074141599521	0.7322590833175395	0.54799389268936	0.7680431629349898	0.7347906789460636	0.42551497036761543	0.7588401110921508	0.615996604142636	0.9552387885187346	0.9373133098701226	0.9046106672336132	0.774204808277218	0.7808003846829389	0.7975151873927503	0.8687171291452545	0.778159413358525	0.7794805936005825	0.8090825771337854	0.7187894050682971	0.7670943145899658	0.833712587243805	0.557571963001323	0.8758678832595497	0.8341383244932942	0.8334214519367446	0.5803211651226321	0.9736304103473062	0.7366529748122417	0.5505490847796635	0.9377185049312576	1.0073722201027437	0.8491411771347996	0.8162469037296038	0.8448881049556125	0.7819140676521485	0.8292934394813356	0.8397307067004165	0.8907233657387654	0.7715138990958672	0.8500282691816989
kellemetlen [Pejorative colloquial anchor / Core]	0.8538571769767034	0.8913029268857278	0.8131323410824594	0.7384118644742073	0.9124580004924823	0.8509048252397331	0.9265034492146453	0.8482629092025423	0.867973670457849	0.8892025826392249	0.8430586066923127	0.7046319819149118	0.8002421840088805	0.8117164214061083	0.7983565695725594	0.82843522038064	0.7871449453344176	0.8975568415555457	0.8285322365183666	0.7927926972774432	0.8657506056182741	0.8155288290067677	0.9412338470637819	0.6286996691863178	0.7537213474657373	0.7322493711310315	0.4274982118578107	0.813524636918517	0.8630403782398235	0.9356177451937798	0.8455155704212399	0.7729999488407835	0.8511412616636544	0.8864344014129892	0.8093939823732068	0.7652774566187243	0.7861096634552827	0.8544886339667377	0.735494805364995	0.681054815913158	0.6311857702764292	0.6859116932512113	0.4526405422408907	0.6827987977365343	0.6971433982112429	0.6085047172039038	0.4349196988387867	0.5842331027479057	0.6858343816973691	0.7225001102542892	0.5981867616575192	0.5163275700045942	0.5449410633159387	0.7647996377769408	0.0	0.304680135881225	0.6756029157609439	0.52500859343024	0.6499408563229961	0.6956426459669438	0.606841057378997	0.6070513848368009	0.6633448467558687	0.6244419139783418	0.8529974894183293	0.8645316837692476	0.6585149491959935	0.6858769782937071	0.5939065052727011	0.7202455050586132	0.7168192561160658	0.6802778899485328	0.6857076320316768	0.7459516325238955	0.9077845288131713	0.8593939322707358	0.8466589475604656	0.8117129319743134	0.863432889914351	0.8760544072685089	0.9530212330348768	0.8262132693175939	0.9504568507066988	0.780569235657758	0.848275140903515	0.8798650954912031	1.0027403509981816	0.7669913557098312	0.6808637945701255	0.90201673223705	0.6864230790936345	0.732125000645208	0.7018272185139641	0.8447453725407529	0.8502022950891442	0.6899097133872338
kínos [Pejorative colloquial anchor / Core]	0.9965643066385906	0.9497548524798204	0.9443431437324277	0.8799063431129294	0.9533922343054883	1.0034407433452945	0.9985121377227006	0.9812030813153694	0.9623714796395669	1.0103260654612227	0.8882374558156112	0.8259909318049863	0.9415277907303864	1.052365034292075	0.9546627262368785	0.8357588099639176	0.7518479699091863	0.8497566694562126	0.8427151069427226	0.8027957653054545	0.8615340316761823	0.80859569030559	0.9481565503907292	0.7573551028422182	0.7358940049766416	0.7759410718396202	0.6294260266350373	0.8244352405333536	0.9025244974135018	0.950065680580537	0.7927015011609608	0.803298922928538	0.7604599144248603	0.8373170466202327	0.8369578090271373	0.785783366623285	0.7917705801278957	0.8264288484824526	0.7621202062814343	0.6809376313630846	0.5840718499747831	0.6866968178893784	0.48652159590559907	0.6763343564203351	0.644744168994394	0.5172951348924177	0.4473697384037154	0.576999962511599	0.6780481694135814	0.686227120162505	0.6136242079965211	0.5335378235258071	0.5990300239964024	0.7540245735875526	0.304680135881225	0.0	0.6316982276496653	0.6343543124543709	0.6047441523806873	0.6315318604254949	0.5377883348025144	0.5551699910213097	0.5676687038769943	0.5942272654442087	0.9482684680463581	0.9209797879663107	0.8842815105696924	0.7721114068992905	0.7055398445260135	0.7444268564106045	0.7755177417935997	0.6431057485225447	0.8162487032621238	0.7172131013188084	0.8242997432842878	0.7725994028413057	0.7990650888316838	0.6880855707664217	0.8684741920018597	0.8026213284513537	0.8544663276607447	0.6940604193597771	0.9157739058806174	0.799292605897184	0.753148523708042	0.952918207759786	1.0719377900153078	0.8556604564813766	0.761376628688982	0.8332747118424486	0.7537597145507142	0.8406810947141321	0.8244514339815838	0.9057354676435949	0.8800361054195777	0.854882334374626
rettenetes [Pejorative colloquial anchor / Core]	1.029337993091655	0.984488480626764	0.896236316294337	0.8502094538650733	0.9454283061008009	0.9708101422370621	0.9420543781312809	0.9508275867364115	0.9083054288761121	0.9832565007225891	0.9821127444152485	0.8506630822797566	0.9576871308926167	0.9824148262257336	0.9475261570538526	0.767973384640407	0.7031037859421168	0.8490360705750013	0.5508717598050955	0.5536411980702167	1.01062736653842	0.5815193306379692	0.7124182330721919	0.7897650436739938	0.7724139821527927	0.8051855410719977	0.8031334997294374	0.8362802403456416	0.9336398079940069	0.687806657977282	0.6525291304511636	0.8033790590045942	0.7489466831509481	0.6522036904189463	0.7780033677984799	0.7668493068722824	0.6825179741746863	0.7497056263037686	0.7300959637096377	0.8825268359026385	0.2900017356996505	0.4048453849416198	0.7288948790356102	0.6484884005212519	0.5754116778694447	0.7337214399117885	0.5400449446077917	0.7601225572724049	0.4002444522118884	0.444577719687947	0.7167241489282172	0.7181028911549621	0.46879758537415506	0.326074141599521	0.6756029157609439	0.6316982276496653	0.0	0.677114447739228	0.403036066897445	0.5898843650868133	0.5484306107359115	0.24629756272970627	0.7380569442763311	0.5256078868127563	0.9678692856904019	0.9464160250596941	0.9102072860737935	0.7474338992374187	0.7236675092251634	0.7826584702914272	0.819384894910644	0.7164859183379801	0.730604925051592	0.7302499715291436	0.6790581412017616	0.7624769757144532	0.7559992241112032	0.5050837208399821	0.8954238140795734	0.7960015753049606	0.7899403140860684	0.47267384177240135	0.9786667632442039	0.732602785325014	0.5325371694919878	0.8638561580182844	1.0015263898146434	0.8597284188691969	0.7859390582024299	0.7832732447272868	0.7320383277939755	0.7979526361818738	0.8042999385817857	0.8339893138907908	0.7556884759955015	0.8535677731804487
rossz [Pejorative colloquial anchor / Core]	0.9868383737119228	0.9618914514445338	0.8576745457302865	0.8401514664689561	0.9540353133378814	0.9187576719583703	1.0119855538697056	0.9641092819559194	0.962894062923196	0.9919992262046884	0.8476464760884419	0.8183347811299249	0.922929351327587	0.9243868479468892	0.8688026961368281	0.8166601591525235	0.7858378256887432	0.8694914727875486	0.8664926949329919	0.819121913489737	0.8400603286038997	0.7920368468729242	0.8324224831162619	0.322060179967235	0.7913108262204936	0.8532256750742624	0.6544855110101316	0.6961675911709848	0.7057095567520568	0.9082946794392348	0.7919155243065787	0.7564720931980986	0.8387598238389072	0.879489567570831	0.7453261837025577	0.6916012142076031	0.7101229174596286	0.6804083765031452	0.7821074749759362	0.8368061140268022	0.6153495470417909	0.6671215706791909	0.6886208525669409	0.6094376351773976	0.7470657332795394	0.6772031885757244	0.7096018794205512	0.7356536087711303	0.7681291949800564	0.7616445629986429	0.6431589264126677	0.654376932738393	0.6980326109445973	0.7322590833175395	0.52500859343024	0.6343543124543709	0.677114447739228	0.0	0.5959331042454543	0.5525546953759699	0.6145965910606312	0.6132643787882273	0.7333147788172549	0.6762087029294532	0.8802340305233651	0.8572713121978728	0.7840335930163846	0.6758805006324065	0.632355371615199	0.7149574920544275	0.7803825573477338	0.6475401330598256	0.7307414248574104	0.7223487007648626	0.7818103251759774	0.8192427536758686	0.7713275267571127	0.7855636780833547	0.8706337702798118	0.8918525631422138	0.8533841137702103	0.8047424927608363	0.9449486580103285	0.8408884179670617	0.7809792659450885	0.8708419295921762	0.95717341482208	0.7690694968350271	0.7032036640488861	0.8766476084189497	0.6952803398134821	0.8463757838692182	0.7692339082798886	0.853774598048001	0.9120827844745192	0.8584884709628782
rémes [Pejorative colloquial anchor / Core]	1.0171290691190238	0.9694647865599509	0.851670287450444	0.9002461742199386	0.9404346536274921	0.989273442433665	0.9736052827950822	0.9381432012391255	0.9287281238483922	0.9387740088451995	0.8921756432574214	0.8527807067348726	1.011531361594298	1.0333418737753148	0.9555879239193266	0.6493150873013268	0.7085186961724002	0.8521317407759579	0.6041667123659031	0.6107670061737547	0.9942437815890445	0.6139665838135546	0.8504433605938841	0.6969785602653842	0.666447926465227	0.7360793593303351	0.7284740856539746	0.8202455941075912	0.9154123380900353	0.8380787954665252	0.6650830796677027	0.8025693521058561	0.7192833930562201	0.6221421710399513	0.7042043659561675	0.7242484423220967	0.642740599984856	0.7411243784282877	0.6130103786435745	0.7962067535364973	0.41214895681937325	0.5378607240805962	0.6617490063744046	0.5730363500983708	0.6229587765403903	0.7233196478881855	0.6233145756742251	0.7203124350157211	0.5112381864754008	0.4532966727464275	0.6771862294969968	0.5697517228762896	0.5455025740943873	0.54799389268936	0.6499408563229961	0.6047441523806873	0.403036066897445	0.5959331042454543	0.0	0.6289813731024554	0.5287214071275064	0.3873566718321181	0.5911036622212413	0.4733893332753554	0.9372842936524473	0.9679496933042178	0.905589446874207	0.7091731191827917	0.6834560712214447	0.6453577147522648	0.7738879401802418	0.6631161288401847	0.7190616698492789	0.6893739553311272	0.5978061674256031	0.6676152665804735	0.6675918127976281	0.5664552757881247	0.8184839419078546	0.7251284652401265	0.6962231688710636	0.5087788255507859	0.8669397097597022	0.6357060950553823	0.5421622000492261	0.9214453882748483	0.9742930888805206	0.8358008485006582	0.7856088440348568	0.7922073497210897	0.7329192612109103	0.8206801668914887	0.7649257472405283	0.8041929992710699	0.8255530617174834	0.8595790200346425
siralmas [Pejorative colloquial anchor / Core]	1.0471327740757252	0.9966376409320633	0.9447615394345517	0.9370515652169844	1.0006992368130658	0.9994846706501281	1.01391852316606	1.051043565437573	0.9601912467403382	1.0053134628698264	0.9558239676317044	0.8935521804400746	0.9883088045256537	1.0978744354287484	0.9850536561429207	0.8361900392307755	0.7989823153353943	0.9216533024778857	0.76181665258945	0.7208262000584784	0.8240662233414413	0.7295411625633567	0.9611816424734008	0.687516545442016	0.8203228059683862	0.8685803971091068	0.775587565653181	0.695248224640657	0.7497255412219057	0.9259320475063388	0.7050587359433929	0.8296438443392374	0.707832531183999	0.7410243140030643	0.7803023137305826	0.6921875257071601	0.7174796171046476	0.7820857534337627	0.7998834766416543	0.8016742705016094	0.5662285676498543	0.6719217743843819	0.7107338601154007	0.7128533001345518	0.7228214506651458	0.6609164895993553	0.768056511044916	0.8016083645393306	0.7092819465388738	0.7278160134639712	0.7553059888218048	0.7240716983149149	0.6683376710364393	0.7680431629349898	0.6956426459669438	0.6315318604254949	0.5898843650868133	0.5525546953759699	0.6289813731024554	0.0	0.4880462022181433	0.5957772063121549	0.7251897563389467	0.6935029765058087	0.9514875963235763	0.925013820453215	0.983809685637601	0.7382916143869265	0.7217029209185768	0.8240130383060807	0.855412467743906	0.776656649906149	0.79843803686957	0.724396532694129	0.8799038590646973	0.8318062988407515	0.8759021580206281	0.7918093330787879	0.9168128506754792	0.8654094138282781	0.8501097387591932	0.7809717573063667	0.9111449426182235	0.8899304429983442	0.8443217486309768	0.9753982677815944	0.9684532622172305	0.8867563752016849	0.8769881879567493	0.8107019674569514	0.8093296355535636	0.9253296975638345	0.7950376792812832	0.8608458718510448	0.8828635190733746	0.9178144097600177
szomorú [Pejorative colloquial anchor / Core]	1.0035915068917083	0.9908262863316103	0.9565200301174369	0.9291090763811118	0.9669384978263647	0.9932099577921576	1.016538476056192	0.9785264247640848	0.9600076134130077	0.9231434174457478	0.964719297424971	0.8470348824144504	1.0402758006131758	1.0957102073017861	1.0190388860986956	0.6461437741695888	0.49090426392023756	0.8402886467221171	0.6398443311270039	0.6275673600034433	0.783180726575877	0.7090591591588737	0.8613664321979081	0.6990225562298358	0.6364833760323128	0.655103166193729	0.7058629446909859	0.8257443572334499	0.8807808648069118	0.8387935595371427	0.6638184270317218	0.7058886208056123	0.7550496279400569	0.7068295467005226	0.8578908539594077	0.746112101050169	0.5714528790541866	0.8742032555477546	0.5431843270338095	0.7444704236971706	0.5248031351247647	0.6320073845089148	0.6145466387406104	0.6075838640182758	0.6574097998696572	0.665970284855262	0.4730512671642013	0.6884778957032147	0.6283770514169246	0.678874721426477	0.6322537385189688	0.651567433044846	0.5582371920502665	0.7347906789460636	0.606841057378997	0.5377883348025144	0.5484306107359115	0.6145965910606312	0.5287214071275064	0.4880462022181433	0.0	0.46350757430980616	0.6119967493478826	0.6117592465255187	0.9219937454648264	1.0255850500513597	0.9856896788736348	0.6636496635229301	0.6791996373758258	0.6927504788474834	0.7880127685408892	0.699623646056083	0.8298045813554943	0.7511497127088065	0.675167008202743	0.7567482619520162	0.7820692867254558	0.6684933334224944	0.836816108650974	0.7211747649729833	0.726072308187763	0.6324403054765135	0.8546347605330513	0.7706618294575529	0.7397421423763487	0.9311350446325268	0.9372525669733933	0.8434674590282056	0.862414423766778	0.7701126453367364	0.7196378803761565	0.8384041675131229	0.8226347231805224	0.8154733181654805	0.8237256339143957	0.8696666805833349
szörnyű [Pejorative colloquial anchor / Core]	0.9844361737743167	0.9455393741111442	0.8436456141081541	0.8183322452437899	0.9035393227476658	0.9216481381409967	0.9378582955272042	0.9131661795307019	0.9223691577666397	0.959722668966538	0.9475301243537462	0.8238258250622577	0.9346651005719322	0.9766009114463752	0.9036550450350491	0.8004138687095852	0.6743869015713906	0.8074063991548657	0.5724011870332221	0.5604619739154274	1.0178833565831222	0.624551289836069	0.7591505534470377	0.7619765256804288	0.785681866763025	0.8005556816679936	0.7774774902757822	0.8763628061034816	0.9499489174404895	0.7443657663596707	0.6793603826989405	0.819284076669184	0.7732121718542229	0.6926512775528981	0.824520482332392	0.778957878027256	0.6865843742272046	0.7761140583117194	0.758067924456537	0.8921178500326344	0.24764068706598663	0.4865379375969966	0.6901618655451236	0.57489344280248	0.5727929191722995	0.6869126483113523	0.5046197821727989	0.7558105842694592	0.4664205308865893	0.46715391812586415	0.6923572888522582	0.6974286990163416	0.5233190619568404	0.42551497036761543	0.6070513848368009	0.5551699910213097	0.24629756272970627	0.6132643787882273	0.3873566718321181	0.5957772063121549	0.46350757430980616	0.0	0.7610539962309006	0.5020969329270006	0.9739412235907948	1.0023853963011913	0.8944808774496904	0.7299383916959352	0.6670943733824306	0.7424919460833781	0.7762404031316122	0.6580490109824447	0.7006908477317895	0.6899552222400859	0.6471925816799153	0.7765784644633222	0.6508853128787127	0.5137293452174478	0.8912149746576972	0.7810552923433078	0.7643056910972745	0.4453096645931076	0.9086320553154946	0.7471490463851188	0.5531503571839517	0.8508003555099048	0.9573103098913085	0.8580650245647684	0.7580918491341075	0.79164992919264	0.6914187929695025	0.7840220310739672	0.7468234577921239	0.8033173014494248	0.7398439949414396	0.7812445640197048
unalmas [Pejorative colloquial anchor / Core]	1.1108421336754697	1.0955180060000256	0.9272053492025312	1.0237055660646286	0.9846387756800391	1.0771565840884283	1.0140581523435153	0.9615796196384475	0.9837296235088209	0.9793978324535961	0.8864182494299404	0.9513454624870582	1.0707595740708407	1.0822160978133823	1.0579740371292619	0.7350856140243522	0.6993357713076609	0.8868057490603699	0.7550906576908741	0.8212165078632961	0.8381190363899771	0.7222759786801591	0.9797306617032108	0.7004762335075589	0.5989108977570027	0.7533935824688149	0.6499282076020212	0.8277113604763171	0.9005852808735512	0.9893606227556444	0.7334681648332454	0.741422781114927	0.7102159203243671	0.7549857526920385	0.7781083621602753	0.6985646921798441	0.6890299047056831	0.739612885093344	0.599101049371664	0.5475247645917882	0.7338674173279134	0.7151357445011799	0.5649479587003954	0.6790672549083876	0.68248430703907	0.7349688873080003	0.691568192286031	0.4490696304957542	0.6755446255072278	0.7618359043950059	0.6110734016340017	0.4803866946270753	0.6460112415667019	0.7588401110921508	0.6633448467558687	0.5676687038769943	0.7380569442763311	0.7333147788172549	0.5911036622212413	0.7251897563389467	0.6119967493478826	0.7610539962309006	0.0	0.5637903840392458	0.8712093851123037	0.9874391958102233	0.9536033399393771	0.7476054444324762	0.7550588846771048	0.6608535014343574	0.819877144601648	0.7324561280163377	0.842826626321091	0.7727885429251811	0.7237431805771255	0.7326397387072838	0.7838115083432247	0.7335814157760063	0.7563720505435867	0.7413994165640616	0.792623320969991	0.7544183993223892	0.8516570462005899	0.721689731026688	0.6782814313164205	1.0287418331363813	0.9926143311114674	0.775682508801127	0.8095370223584062	0.785260321553395	0.8013042204683746	0.8734965467163585	0.8981551140874976	0.8777609869705992	0.970150882959158	1.014402183738266
undorító [Pejorative colloquial anchor / Core]	0.9814893360268097	0.9938312534562597	0.8522532422126878	0.9544710105013988	0.9146665831626479	0.9802910971808826	0.9778849838311237	0.8806323242437749	0.9532265382564129	0.968304389934762	0.9488713556099754	0.876053894082226	1.0317186510790477	1.007077112721302	1.0246338610585384	0.6129350281800636	0.7921915417368004	0.8556621236622615	0.7292539676955114	0.7490217391692802	0.9434061519331237	0.7247196720351423	0.8195102277756664	0.7367486496368666	0.7107123829751782	0.7215505750865505	0.7834447079772654	0.8876331567029683	0.9681724131445898	0.8855340088823477	0.7754663012978514	0.8656618546202548	0.8080705317435073	0.7526189955809726	0.7340120882925918	0.8180879976965792	0.6942437478272723	0.7848789480257975	0.7337782539016775	0.7686531403775233	0.5011184301105056	0.5661831287379377	0.6180912391554843	0.494440717957108	0.6973279782054684	0.8005197863903041	0.6807129607462747	0.7574186231025407	0.5292425495100661	0.49045699194703185	0.6332961723433771	0.5246102095420353	0.5434356567062963	0.615996604142636	0.6244419139783418	0.5942272654442087	0.5256078868127563	0.6762087029294532	0.4733893332753554	0.6935029765058087	0.6117592465255187	0.5020969329270006	0.5637903840392458	0.0	0.851430505482972	0.9540758081193836	0.8530555643098161	0.7598986377111981	0.7627713843408799	0.6267531140121854	0.8037524537840479	0.582528725760154	0.6488046514065928	0.6630621036597377	0.6504785657021435	0.6467251010893961	0.564484223317113	0.5557182393631601	0.8251869901322745	0.7356788018705802	0.6827976276407944	0.55046810240133	0.8714998681096777	0.5950940293550798	0.524117983947302	0.9053558065054217	0.9807474683310602	0.8266092990517625	0.7491992175227695	0.756985773297286	0.7117668255910674	0.7892636625617763	0.8142015553574754	0.7600410061378149	0.8115402502655626	0.9374378966103982
addikt [Target words / Addiction and dependency]	0.8514111197282226	0.9660056990926837	0.9095078523682228	0.883548993604914	0.8746708954219036	0.8734440355766424	0.7841125533509498	0.8207392319661029	0.8977099976154019	0.863522305789986	0.9236317791857976	0.8737109343022037	0.9277987027621591	0.9132634784193211	0.8854407014193073	0.8395415111770181	0.8882866598259379	1.057853687573826	0.9481058005356022	0.925350903976431	0.8949587374014492	0.8761773517456268	0.9669884602794696	0.8543987163974012	0.8803516969478037	0.8236221590443887	0.8816201191375526	0.9491970742494166	0.9064398519891134	0.9861322214893864	0.9416214704389618	0.9484343229260864	0.9664560900834214	0.9692069835728009	0.8860712372751667	0.9113630760462232	0.9255185173235263	0.9023169631355298	0.889339090836327	0.9190646144086908	0.9702764196886468	0.9152646602877392	0.8660238792858499	0.8634265291018158	0.9374732625759314	0.9577461517988336	0.9589768304573151	0.9082040551088199	0.9768900818996826	0.9408374514437322	0.8180622364343063	0.8208313443321029	0.8942821536050045	0.9552387885187346	0.8529974894183293	0.9482684680463581	0.9678692856904019	0.8802340305233651	0.9372842936524473	0.9514875963235763	0.9219937454648264	0.9739412235907948	0.8712093851123037	0.851430505482972	0.0	0.965994912819181	0.842322654734001	0.8054953227534414	0.8144774526176422	0.7848707917227375	0.7919055848068547	0.7881458386956037	0.8758471883970934	0.8278861822153274	0.8728707179593777	0.8236379251880607	0.7770647315774222	0.9371854454534245	0.8409028273789655	0.888625331269782	0.8660265863773552	0.9295726997396032	0.9013185171229202	0.8592805641043266	0.8668238027340588	0.9283403454762987	0.8600634226982306	0.7723464273886353	0.8138069608250689	0.8095852480503853	0.7650740427438427	0.8279135609592453	0.8157092008350335	0.8481227181124672	0.8520677368852922	0.8840699375523208
függő [Target words / Addiction and dependency]	0.8843779170631744	0.9409812447293044	0.8740355151711894	0.8597701846013938	0.9377259099090042	0.7987476585879083	0.9381348437179807	0.9138039317038801	0.9632343346525124	0.8500642359558138	0.8674109490168551	0.7408341005741127	0.8412616477619066	0.8201794046810701	0.8697003589146651	1.021928061629307	0.9800449617738246	0.9869550566198882	1.0387436401908525	0.9619302709100613	0.9594649740034874	1.0116698886447144	0.9086020795630603	0.9316796376588483	1.0405427467883746	1.074961013726287	0.9783927301533665	1.0360006804250095	1.0305829387173127	0.976091249963865	1.0933420191138077	0.9672228601969224	1.0345268287885663	1.0433361884413344	1.0111057735962743	1.05866646920111	1.0424444968250506	0.8878348164591858	1.0341017866992481	0.9889161310150785	0.9736363814623652	1.013882756173585	0.9621747723921052	0.9375911321977315	0.9747568164776234	0.8582732314542724	0.933194147230973	0.9519131030021353	0.9936012464569867	0.9794389857529824	0.8892490722578279	0.9384769125613336	0.8674566795215217	0.9373133098701226	0.8645316837692476	0.9209797879663107	0.9464160250596941	0.8572713121978728	0.9679496933042178	0.925013820453215	1.0255850500513597	1.0023853963011913	0.9874391958102233	0.9540758081193836	0.965994912819181	0.0	0.7773206404761192	0.8355397723949112	0.8205403346913678	0.951536149347302	0.8404970724329037	0.9093255697773125	0.7811747308147861	0.873901284619842	1.0053197329038952	1.032928918903155	0.9922012884952315	0.9648281388446354	0.9972307713724465	1.0768223431514927	1.0072081605551988	1.0106311756333088	1.0051579588870667	0.9103013829778683	0.9975387872041114	0.8074738523867486	0.9772573469744541	0.8787906957808982	0.8043818473331521	1.016308831449062	0.8226630655745841	0.8393966183367487	0.8023968625855137	0.921754718914114	0.9078938228617163	0.8353029097364426
toxikus [Target words / Contemporary loanwords]	0.6820960028256935	0.8025021153524303	0.7295198594608223	0.7261944990896327	0.7477982958150393	0.5947428378717461	0.7419284389253322	0.6575243575402088	0.856199628396312	0.6335876324582046	0.7826631554323111	0.6114519394424076	0.6639330719470882	0.4990727601892714	0.5930540208256672	1.0028884352531187	1.0155698924035426	1.0006867909362303	1.0133053576393383	0.9564479633631835	0.9960914814713374	0.9639693478674285	0.9315684561481463	0.8542612455704423	1.0541575732298627	1.1032548195173217	0.8601555463062778	0.9262282858771232	0.9106531344907168	1.021676872566763	1.0373040840493188	0.9566911841024318	1.071957693751847	1.0627925913089693	0.9779610979160147	1.0082563954432504	1.035174247064016	0.8842287959532175	1.0285622558112633	0.9648455701139955	0.860244277599501	0.8849688635832232	0.8443326234389547	0.838230842089535	0.9699419184414019	0.8936116909174884	0.8231454684626418	0.8879280714579829	0.8515253501731086	0.8743794411455892	0.8284918285074498	0.8194790784645909	0.7611824594440852	0.9046106672336132	0.6585149491959935	0.8842815105696924	0.9102072860737935	0.7840335930163846	0.905589446874207	0.983809685637601	0.9856896788736348	0.8944808774496904	0.9536033399393771	0.8530555643098161	0.842322654734001	0.7773206404761192	0.0	0.7386814519985492	0.6506053341447489	0.8948054158660449	0.6850046430863579	0.80887139099227	0.6812153538420209	0.7602013373567318	1.0205815334647297	1.0175720197466507	0.8409075091628836	1.0428998639653204	1.0034384981788034	1.0351997371918447	1.0540916683413042	0.9973631094308965	0.978668758980322	0.9181521725774707	0.9658039342085537	0.7171402470528807	0.9061726356614674	0.7475825499403526	0.7576888241509164	1.0186041552256047	0.7096083337415768	0.7378267409933372	0.6497449458379209	0.7673827599930942	0.9155995692417145	0.629165717963857
depressziós [Target words / Depression]	0.7028707983657632	0.7820447894229511	0.7414023043336211	0.7262978128499047	0.764226466006847	0.6714225288372273	0.8016612478766433	0.782482905672197	0.7229805792580624	0.7857798596125966	0.8553497910752699	0.5464896184509964	0.6893810688048376	0.7153636168630102	0.7126526788658649	0.8831289406306078	0.6840689744689282	0.8990515739742846	0.9324101570828143	0.8739926419802849	0.8053606048412889	0.843012374094254	1.017298355381752	0.760773287013076	0.6851107753400064	0.862357954319936	0.8198721031496232	0.8956436453759673	0.9364661121855198	1.03195051216356	0.9234341444445477	0.7275658371862568	1.042953129402674	1.037274988794717	0.949307115697736	0.8832531671895756	0.9049812066501118	0.8705691460200929	0.7382057356481062	0.8925247213725563	0.7268970342696681	0.7439506176969671	0.7947269800452917	0.7629016573298564	0.8349188902069289	0.7101611856529908	0.654313306483929	0.7960824787883624	0.7775110449712037	0.7842185018009156	0.5530027433322845	0.7171901955795774	0.6791560011812902	0.774204808277218	0.6858769782937071	0.7721114068992905	0.7474338992374187	0.6758805006324065	0.7091731191827917	0.7382916143869265	0.6636496635229301	0.7299383916959352	0.7476054444324762	0.7598986377111981	0.8054953227534414	0.8355397723949112	0.7386814519985492	0.0	0.3891408814631795	0.6379971036133627	0.3985787595279424	0.5222772155718239	0.6431599289961285	0.6226377149064002	0.8042702988357018	0.7812537933030974	0.5929881746501908	0.7737018804156137	0.8495491358486833	0.8263220250449241	0.8153937791297471	0.7743646639945756	0.8020378155828465	0.8095355295931688	0.7599708362518541	0.6900717737575035	0.6978216849309641	0.5449200559485288	0.5978284810869208	0.8080332443833163	0.39363953147346464	0.5316227739567003	0.4233818424033743	0.5774055388810329	0.7517890858427838	0.6043541567851618
depresszív [Target words / Depression]	0.7104625962794944	0.7465063957842261	0.7609008814987478	0.6917462798740379	0.7571920220946261	0.6406449758990147	0.7364272248802244	0.7265691381984674	0.7745300967915576	0.6904009155215252	0.8219842907182577	0.4377035127278681	0.6811081906614447	0.6714654540674061	0.6696666002870793	0.9350649989441769	0.8249432092287784	0.8442024965457439	0.8752942113889122	0.7897101582431241	0.9615477011515272	0.8061243515921632	0.882698223993688	0.7666746968826242	0.7721595253714636	0.9038063755275663	0.7527031264248725	0.8482058838319492	0.9067130816132043	0.9623444243469768	0.879226714522105	0.8041251120653006	0.9236848937158935	0.9414253700380796	0.8944751317571907	0.8364303342180568	0.8930990888535176	0.769573942291695	0.743544780426652	0.832640765690203	0.6933825332413623	0.7676217100790078	0.7132467550179009	0.7512758942378571	0.7186506756795248	0.6223041977820738	0.5820244932741954	0.7758711835888945	0.7309966815677222	0.7104234800223604	0.6379108208459245	0.6657396757167906	0.6036785685201855	0.7808003846829389	0.5939065052727011	0.7055398445260135	0.7236675092251634	0.632355371615199	0.6834560712214447	0.7217029209185768	0.6791996373758258	0.6670943733824306	0.7550588846771048	0.7627713843408799	0.8144774526176422	0.8205403346913678	0.6506053341447489	0.3891408814631795	0.0	0.6930145297665009	0.3885947700864706	0.5314916377463829	0.5919502772475762	0.7316098408160003	0.8971176922283792	0.8147499815830441	0.6652181071909117	0.7320727674732119	0.8830652893345556	0.8474948279367556	0.8063436198057405	0.7321475090666738	0.8322940680020823	0.81672525573937	0.806663393622382	0.5760565136115992	0.7956528658146349	0.6156664235274592	0.44301265409555624	0.7886424529702636	0.3989883072173108	0.5579223569029101	0.38698158062991184	0.6471916670611892	0.6932698051636638	0.5188752504666165
hisztis [Target words / Hysteria, mania, paranoia]	0.8642667913980746	0.8984526544628461	0.8242733053446312	0.9251436806420541	0.9119340374922733	0.9046440440798239	0.9623510918789032	0.8841865457409488	0.9495031288253928	0.8764189015374336	0.7995887111507956	0.7854853167765202	0.9096740729669717	0.912804551542273	0.8689054554232198	0.5654076663143108	0.688456190564918	0.9860501040567365	0.8805773182569319	0.8617419719625592	0.858599289013362	0.8633781714673068	0.9867145438441303	0.7012452596867151	0.6087743322690529	0.6450561618671125	0.7651628545473101	0.850487172872241	0.8886942547365613	1.0115975406348188	0.8701158743716486	0.7746495976212009	0.9025268430592299	0.8403463471653891	0.6917149017529081	0.7724667903683964	0.696920167069107	0.8369956415737423	0.6428582712862339	0.7837390777247333	0.7543643481204982	0.7399442223251972	0.7142253115252104	0.5580516423282883	0.7904650748931901	0.7246363534872761	0.7855651648432311	0.6958399963033481	0.7619074243945618	0.7341759627128122	0.48192469086453693	0.6075101073811994	0.7416141432182326	0.7975151873927503	0.7202455050586132	0.7444268564106045	0.7826584702914272	0.7149574920544275	0.6453577147522648	0.8240130383060807	0.6927504788474834	0.7424919460833781	0.6608535014343574	0.6267531140121854	0.7848707917227375	0.951536149347302	0.8948054158660449	0.6379971036133627	0.6930145297665009	0.0	0.6554059118604009	0.5920206602321801	0.80177377992523	0.6308054636201581	0.6271857718942567	0.5819604745437467	0.6027363023800584	0.6951459926197758	0.6600480614076779	0.6590054961841794	0.6332002084471087	0.6925515066647631	0.8145914398067475	0.5723308358646548	0.6762463531656955	0.934971299419123	0.7916200488809029	0.5248761663875721	0.7506000017620321	0.7194262430719833	0.5881600073665223	0.6728561124212361	0.7443741126584952	0.7229560492528788	0.8188964232969793	0.8354575709011522
mániás [Target words / Hysteria, mania, paranoia]	0.6236991382675957	0.7163931930000339	0.7166140850757383	0.7097512621126041	0.7201050282136683	0.6042037798327102	0.7264365552587915	0.7110273206751725	0.7791873083086561	0.7045784018799488	0.8443117046347095	0.5092337430144571	0.6576217620015923	0.6355278296182318	0.6052603634224283	0.9249441771858895	0.8297290053283233	1.0296671652469613	0.9967450352034096	0.9458048369954056	0.9704047236162854	0.9231695028301604	1.02795613690868	0.9033356248313701	0.7890418145609327	0.895769555616447	0.9031130745534429	0.9390053477688268	0.9803728875804765	1.0658876626655283	0.985914779517463	0.8992657929581841	1.0677848400716237	1.0679966882721201	0.9337188726985163	0.9423279301047349	1.0070886829092325	0.8918717310748497	0.8546633131378301	0.9676196446410605	0.7805057201565816	0.8130996896536014	0.7930578206163594	0.7994515655342656	0.8991746987119721	0.8030905959732125	0.7411677260861498	0.8949959133605347	0.8015863857999008	0.8050044965407148	0.6704434576828475	0.7434049235657836	0.734240744834461	0.8687171291452545	0.7168192561160658	0.7755177417935997	0.819384894910644	0.7803825573477338	0.7738879401802418	0.855412467743906	0.7880127685408892	0.7762404031316122	0.819877144601648	0.8037524537840479	0.7919055848068547	0.8404970724329037	0.6850046430863579	0.3985787595279424	0.3885947700864706	0.6554059118604009	0.0	0.5339614833802779	0.6548206314705839	0.6554701607796798	0.8315327026908593	0.7881139113544952	0.5908173467272303	0.8234803145688079	0.7788933305407183	0.8041988497264008	0.7891797676419463	0.7751611645623359	0.7587101166106389	0.8238376336710751	0.7570203313380922	0.5281037661739476	0.7521358842633007	0.5509711915963762	0.5328453654850436	0.8038857756767753	0.45425505300770774	0.5486863945836603	0.381120070059887	0.653486116288112	0.7916509303092975	0.5462675312138427
paranoiás [Target words / Hysteria, mania, paranoia]	0.803757479447924	0.8625434280849849	0.7913696857462756	0.8350742719683382	0.8265684075516673	0.7921919956036794	0.8571019229882367	0.8998089757034389	0.8416456070990321	0.9099259799454416	0.8446098549524291	0.6847230889425298	0.8627906395703988	0.8747349032537617	0.8370816677438018	0.8349833502814231	0.8082253407902179	0.8541914606309857	0.9486158877154834	0.9124612486232289	0.8424314663285436	0.8327228097016898	0.9198532732902704	0.7516542180376389	0.7107290769338255	0.8035646741162649	0.9104400411663334	0.8490491633141499	0.8774605385991849	1.0756594421236245	0.852789481785014	0.8140667522416736	0.9705029696672876	0.9684304247467332	0.8316117293676499	0.857875903425824	0.8738823688413806	0.7747409089795294	0.8429990364630936	0.8909584228674963	0.6724417060265904	0.7302966080895199	0.6725874520288289	0.6580559073713739	0.7791325123692217	0.7110087715964735	0.6929130425443666	0.8284850163361572	0.6515314065597033	0.7124524467166666	0.5592039604311361	0.6101840006869004	0.5918865881129332	0.778159413358525	0.6802778899485328	0.6431057485225447	0.7164859183379801	0.6475401330598256	0.6631161288401847	0.776656649906149	0.699623646056083	0.6580490109824447	0.7324561280163377	0.582528725760154	0.7881458386956037	0.9093255697773125	0.80887139099227	0.5222772155718239	0.5314916377463829	0.5920206602321801	0.5339614833802779	0.0	0.6442004197951257	0.5791618481010471	0.6724956938902864	0.6124448333239011	0.47794130249558664	0.5790373293044284	0.754140415372218	0.7124025538088168	0.6363318392197512	0.6197215068253008	0.7953110079156057	0.6694539732322293	0.5526367296689689	0.7159736852752013	0.8345677550274359	0.6334369376768162	0.5449649897498976	0.6507596520834181	0.49021218625188945	0.6175315244452697	0.5910844189389479	0.6587567239527228	0.830651489597005	0.7561092039684134
abnormális [Target words / Insanity and madness]	0.7591071280023787	0.8671157075869325	0.8114031692258012	0.8226240165051393	0.8196396165049656	0.6569236745894675	0.7984242037477507	0.8363960923091758	0.7945945919497971	0.8318216811005008	0.8797178925766668	0.5359330329802234	0.7842280087317404	0.7427294365392492	0.7581590546455912	0.9126238297893982	0.9166964623028017	0.8637644363925241	0.8615270824638852	0.8740015650882129	0.9785737256753166	0.8299136877324915	0.8174200853576489	0.8529804172579702	0.8980223645931541	0.9925815698064203	0.8796074224898187	0.9737062089955894	0.9939561284450207	0.9877787963057882	0.9574757253349727	0.8290082404450431	1.0238856635925342	1.0322839854700034	0.9542371628646873	0.9372734188548084	0.9800311443967507	0.7430304717857612	0.9225780770907174	0.9410945310213777	0.6791832020209772	0.7768626770887013	0.7503987787651247	0.7288753677499173	0.8670445317864128	0.8283673373148479	0.7752289594062924	0.9486890521769221	0.7283519245050674	0.7454177375983728	0.7637832432693743	0.7151510653899681	0.6397227886401808	0.7794805936005825	0.6857076320316768	0.8162487032621238	0.730604925051592	0.7307414248574104	0.7190616698492789	0.79843803686957	0.8298045813554943	0.7006908477317895	0.842826626321091	0.6488046514065928	0.8758471883970934	0.7811747308147861	0.6812153538420209	0.6431599289961285	0.5919502772475762	0.80177377992523	0.6548206314705839	0.6442004197951257	0.0	0.6763129552819855	0.8876568208682266	0.8222923700592308	0.6173676719418165	0.7268364157393311	0.8888479581690061	0.8946419000371832	0.8405375310363798	0.7844782750019166	0.882061975596203	0.7936007019707298	0.6899129396843074	0.6650327903305687	0.7697288427885549	0.6727328436175644	0.585449910424001	0.9150919574907777	0.5698665529519086	0.6993856804967196	0.5603774689740574	0.7192772638848892	0.7653919205286144	0.6390480747891694
beszámíthatatlan [Target words / Insanity and madness]	0.8336344958315518	0.9002135034663431	0.8180729808655454	0.8974543299725846	0.8922009851519567	0.8305868341526367	0.9158288288565141	0.9296209541570231	0.8205825143149552	0.931275862262015	0.804203343948495	0.7487220278872724	0.8486243910011947	0.8593063402565472	0.8717014405050576	0.8092669711616303	0.8299040583218772	0.932444101918402	0.9562023841336841	0.9158332028143102	0.9100940358712855	0.8993535586576129	0.8940056684102999	0.8679465753455918	0.8092484257947697	0.8851736769574062	0.9561817655790793	0.9456784673119188	0.9746523850223362	0.9877586933898294	0.9474928344749028	0.834798503110216	0.9331769191600326	0.9835602506561396	0.854485251708027	0.931105468830014	0.9320354980237983	0.7984439047060863	0.8874004869687904	0.9690398499651267	0.6946959176463834	0.7520927743479273	0.8046940869970829	0.6583128047838036	0.7864685842294008	0.8279325864854843	0.8009781850740021	0.8867949564741595	0.7226024145896643	0.7194487563464808	0.6227202366385485	0.7251862048037143	0.6847304219168285	0.8090825771337854	0.7459516325238955	0.7172131013188084	0.7302499715291436	0.7223487007648626	0.6893739553311272	0.724396532694129	0.7511497127088065	0.6899552222400859	0.7727885429251811	0.6630621036597377	0.8278861822153274	0.873901284619842	0.7602013373567318	0.6226377149064002	0.7316098408160003	0.6308054636201581	0.6554701607796798	0.5791618481010471	0.6763129552819855	0.0	0.7072707899771243	0.7613720211900445	0.5259695978076407	0.7187840509293276	0.8533307090553592	0.7761370343098125	0.7219189737900222	0.7361379444658909	0.8736271651278387	0.7423289350988183	0.7052060499950901	0.8575749410334965	0.8238486290125326	0.6934454576532426	0.733838339674403	0.8171306223548233	0.590538453716714	0.7780850677409228	0.651755825534988	0.7320793567092014	0.8058181542025165	0.7989367225209111
bolond [Target words / Insanity and madness]	1.021150030531709	1.0849241722883265	0.9600117006357726	0.9829525840111158	0.9518448130136263	1.0615363003950937	0.9941089322197857	1.0040944752056349	0.9976986528068427	1.0116170578224395	0.9358399622359735	1.0136995112106697	1.0716741046514966	1.0587092792632151	1.0455567786403819	0.662097497891976	0.6718384254069492	0.9503661651356908	0.7754322616398286	0.779702143422027	0.9027265220724034	0.8117019204345832	0.8361585937186126	0.7860586445018163	0.6678090913261026	0.753572117416361	0.9380604355940843	0.9432293052851609	0.972622767828871	0.8483665826401943	0.7911031502000763	0.8529080438089303	0.8450557107726195	0.7056390162378176	0.7530335671532553	0.8574474832738442	0.69927425058804	0.8547486435886711	0.7428202644861148	0.9373609198059405	0.7247199660617101	0.7134153883543864	0.8941325733440557	0.6492245673734875	0.7999001786519839	0.9393649490452579	0.8820173846597434	0.8490175815136074	0.735475246286977	0.6745792748166421	0.682836127519298	0.8057059154289827	0.8296906602020045	0.7187894050682971	0.9077845288131713	0.8242997432842878	0.6790581412017616	0.7818103251759774	0.5978061674256031	0.8799038590646973	0.675167008202743	0.6471925816799153	0.7237431805771255	0.6504785657021435	0.8728707179593777	1.0053197329038952	1.0205815334647297	0.8042702988357018	0.8971176922283792	0.6271857718942567	0.8315327026908593	0.6724956938902864	0.8876568208682266	0.7072707899771243	0.0	0.616116443767535	0.61440738318003	0.6130709603789212	0.821470226434294	0.6255499588377509	0.5836326879942403	0.6084479442173938	0.858914929732606	0.6368475373209828	0.4894601042630513	1.0130385637941006	0.9428147737925533	0.8133956313930898	0.825395112100061	0.7185757316267021	0.8070700108462585	0.8619677233533529	0.9444759325570425	0.8157129094030748	0.912190747980451	1.0129498895899127
dilis [Target words / Insanity and madness]	0.9928077020773357	1.0128593974625093	0.9926189732233728	1.0375042714667548	0.9179202316550313	1.0250010292171556	0.9694573629692588	0.9502011304597513	1.0141152865455025	1.0010216232804507	0.8572596393831116	0.9497448434832794	1.0821746383483144	1.0833339768039365	1.0675093156161297	0.6211764916319495	0.749864754421617	0.9822616923272484	0.7931096808010635	0.8006319439388949	0.8814296915007862	0.6896625702311696	0.9895454771331682	0.7592236948196577	0.6895724261999115	0.6907120337073352	0.8617592202375486	0.8388531304761533	0.8755626552161281	1.0343071138670934	0.7493837885176406	0.894543373359186	0.8341711038115568	0.8336461360466925	0.645654834754606	0.7073566110846161	0.7709612219921343	0.8467689767366097	0.7119325828782244	0.8557259053175308	0.752258857110096	0.7486745647415105	0.7607400627879076	0.6905795649802955	0.8321377475822296	0.8411443751456527	0.9222430467051136	0.8581082355785355	0.7698477394769037	0.7155149085717958	0.6774448642929161	0.6499345246035034	0.7873741156815338	0.7670943145899658	0.8593939322707358	0.7725994028413057	0.7624769757144532	0.8192427536758686	0.6676152665804735	0.8318062988407515	0.7567482619520162	0.7765784644633222	0.7326397387072838	0.6467251010893961	0.8236379251880607	1.032928918903155	1.0175720197466507	0.7812537933030974	0.8147499815830441	0.5819604745437467	0.7881139113544952	0.6124448333239011	0.8222923700592308	0.7613720211900445	0.616116443767535	0.0	0.6219857092632091	0.6799998639842089	0.6073470256671535	0.6321955112920784	0.6199024670032592	0.6318525303046212	0.6949350249515155	0.6145182924018422	0.591961977911716	0.9732643923369946	0.9400056298728221	0.7486772871187581	0.8885156665136856	0.6827163054868328	0.7767267896869352	0.7947567003474337	0.8420447442361271	0.8488915618477544	0.8810983936171204	0.9942699321996151
elmebeteg [Target words / Insanity and madness]	0.8026906599994972	0.9157925251899782	0.7841991137108305	0.8637808485549953	0.8162851848651003	0.8490391920358373	0.9213941140685907	0.8919573114026472	0.8433068131128928	0.9636864058521463	0.8653538225294095	0.7608434911550512	0.906497004006418	0.8821854764610564	0.8279375920034336	0.7793162895691443	0.8668640800685555	0.9193267460857046	0.9394582579932661	0.935782828177558	0.9549694148722101	0.8644911320067085	0.9136215217964168	0.8679634440289024	0.7675438065863909	0.7928451045761911	1.0053695448155968	0.9226857038327472	0.953850853711661	1.0637807850642622	0.9114522213136629	0.9340194340644442	1.0213382149223715	0.9438767866182576	0.8870260375917115	0.9187556641119698	0.9572509231439694	0.8913826113557018	0.839642122054976	1.0097512329924738	0.6552126612660956	0.7681362193322966	0.8217901327265376	0.6641327374081591	0.8920397552899515	0.8403022503011118	0.8908931455405842	0.9225170665231128	0.7478850356673783	0.7075923476748471	0.6886380152588216	0.7285932788534352	0.7683076822724636	0.833712587243805	0.8466589475604656	0.7990650888316838	0.7559992241112032	0.7713275267571127	0.6675918127976281	0.8759021580206281	0.7820692867254558	0.6508853128787127	0.7838115083432247	0.564484223317113	0.7770647315774222	0.9922012884952315	0.8409075091628836	0.5929881746501908	0.6652181071909117	0.6027363023800584	0.5908173467272303	0.47794130249558664	0.6173676719418165	0.5259695978076407	0.61440738318003	0.6219857092632091	0.0	0.6330248375294738	0.7860844429038019	0.6868138470864378	0.6189840138815307	0.5919779966793508	0.793529443805117	0.6561866996872323	0.4933870575488353	0.8404228645628933	0.689717066172362	0.6569283056749595	0.6595075718431487	0.6214537765719592	0.5464315587964199	0.6727086394996202	0.5785910131189045	0.6306063881540924	0.7664417380599253	0.7852771801165059
eszelős [Target words / Insanity and madness]	1.0022276179024618	0.9865076356652828	0.9298071767870781	0.9852476899454806	0.9092224833893253	0.9802297155476164	1.0140095502612454	0.9294168031211388	0.9759035759635682	1.0014500262113242	1.005695360352098	0.898163318417891	1.0227274462789215	1.081855860455034	1.0117268282454417	0.7763267312861523	0.741703591408276	0.8375528760717699	0.7571421958841266	0.7091166920107659	0.9711583292710113	0.758019564422132	0.7732709265127468	0.8759773408922352	0.719750331602765	0.7969978816838488	0.9180526929779793	0.9225073801975308	0.9986993752052588	0.8506159003569091	0.7840313799517893	0.8381831810908631	0.7949634980177145	0.7201482907840427	0.8453122037495292	0.8303410711905236	0.7500741933979804	0.8035851398618727	0.704604902848615	0.9072216739686472	0.5576412154284962	0.7106841386511802	0.8028802194611907	0.636091116930068	0.6601635066502805	0.6745298961053514	0.7020404494711014	0.8858745302680852	0.510858221835577	0.5452328354336298	0.6425666221157418	0.7179349199837519	0.5844893218141662	0.557571963001323	0.8117129319743134	0.6880855707664217	0.5050837208399821	0.7855636780833547	0.5664552757881247	0.7918093330787879	0.6684933334224944	0.5137293452174478	0.7335814157760063	0.5557182393631601	0.9371854454534245	0.9648281388446354	1.0428998639653204	0.7737018804156137	0.7320727674732119	0.6951459926197758	0.8234803145688079	0.5790373293044284	0.7268364157393311	0.7187840509293276	0.6130709603789212	0.6799998639842089	0.6330248375294738	0.0	0.8306635182564361	0.6516947131014197	0.6734239755995176	0.41212756095214753	0.8491818398008919	0.6003420348164819	0.43345867045802056	0.893916206472599	0.9536510069164146	0.8613573153018205	0.6896073671832152	0.6626133387721902	0.7188703499502573	0.7780469870233143	0.7933362084158752	0.8231940220465447	0.8090864020457331	0.9119612142118521
flúgos [Target words / Insanity and madness]	0.9041394194399398	1.078750087832319	0.975230545714044	1.0096143145082912	0.9545725623989467	0.9475826211968142	0.9522913681021099	0.9508276487580336	1.0294718354593397	0.9453595351924851	0.8690475063735008	0.9273551111302418	1.020842222700656	1.011304145395056	0.9510224762722441	0.7347091848951246	0.8388267047974244	1.0231996360681777	0.8607690921136057	0.8886079255049417	0.9121349117877974	0.7866620854722945	1.0742567716228644	0.8491687425186817	0.7667902301392889	0.8042463468997042	0.8358992790166633	0.8913626585557073	0.9002029725389293	1.0216704148516196	0.8421068789310493	0.9279632328630704	0.8585568283204509	0.8403575278035552	0.7124277269634256	0.7441389771130624	0.851481337325825	0.9118167728762668	0.7723782715232087	0.8573634265566672	0.8776412922622174	0.917162389308727	0.8283338235077009	0.8538125294164909	0.9405524629865589	0.9278484916457345	0.9400301174766686	0.8266595372623806	0.7789085184222782	0.8985854683625619	0.7771858326980161	0.7463998759748853	0.8245354496675494	0.8758678832595497	0.863432889914351	0.8684741920018597	0.8954238140795734	0.8706337702798118	0.8184839419078546	0.9168128506754792	0.836816108650974	0.8912149746576972	0.7563720505435867	0.8251869901322745	0.8409028273789655	0.9972307713724465	1.0034384981788034	0.8495491358486833	0.8830652893345556	0.6600480614076779	0.7788933305407183	0.754140415372218	0.8888479581690061	0.8533307090553592	0.821470226434294	0.6073470256671535	0.7860844429038019	0.8306635182564361	0.0	0.7452789028405449	0.7844056454223673	0.832795498664087	0.7531705445306575	0.750906492325355	0.7036708463887633	0.9769184340839809	0.910026902257313	0.7647857365163323	0.9656070543523818	0.7705217286735635	0.8759517038650737	0.9164359878778022	0.8998297770152184	0.9280085601624674	0.8817206256032953	0.9592943871370042
habókos [Target words / Insanity and madness]	0.9366735437678855	1.0187645415961148	0.9614195806021234	1.0506310053063876	0.9589000236783475	1.0294062184364163	0.9583165847869816	0.9428428950525347	0.999343940481112	0.9887022557601218	1.0022004963253284	0.9604143794191695	1.0461194745343283	1.0840827535970199	0.9849241393134202	0.6938618952022637	0.7237572349946768	0.9444876671954674	0.7310480965701006	0.748675607371168	0.9365803224496049	0.7796317318149724	0.8936833334932911	0.8385088624610557	0.6221414563927098	0.6489893318316404	0.8532055000029966	0.7836905086471301	0.823861443196433	0.9161102192357989	0.7189763521520658	0.859437286656412	0.786914934753659	0.719067007773613	0.7956201536936522	0.7235839461320329	0.6937534424033628	0.8380730520110167	0.6488151989241557	0.8545166403934625	0.7921679580236581	0.8372112317456208	0.8552164558052415	0.7064776387309479	0.788842478795122	0.8930962592372931	0.8522037644908974	0.8899566811318155	0.7063691837203765	0.7058908492064748	0.7460048305124608	0.7876252257150156	0.7443535378443644	0.8341383244932942	0.8760544072685089	0.8026213284513537	0.7960015753049606	0.8918525631422138	0.7251284652401265	0.8654094138282781	0.7211747649729833	0.7810552923433078	0.7413994165640616	0.7356788018705802	0.888625331269782	1.0768223431514927	1.0351997371918447	0.8263220250449241	0.8474948279367556	0.6590054961841794	0.8041988497264008	0.7124025538088168	0.8946419000371832	0.7761370343098125	0.6255499588377509	0.6321955112920784	0.6868138470864378	0.6516947131014197	0.7452789028405449	0.0	0.6138029912934273	0.6117078940559447	0.7586876790213053	0.5954373673241204	0.6496719154809245	0.9687146993317961	0.8540188133444587	0.7603605525757996	0.8885698251013935	0.6301998351622007	0.7588339886761131	0.776027230995208	0.8095421227064954	0.8416829823509866	0.8518664222464178	0.9499106309323098
hibbant [Target words / Insanity and madness]	0.9638315210836699	1.0275275630910374	0.9646705203865038	1.0268342028625932	0.9467088153002305	1.0650258099542251	1.0397478318852267	0.967762150147706	1.0270401188020593	1.0226226158661769	0.9764542152716434	0.9455704127628424	1.1011400396361806	1.071757863714922	1.059120500429202	0.7284725735615754	0.820746679959969	0.9608083504843182	0.8698106200947541	0.8659719781185957	0.9383778072505418	0.8695805624892203	0.9381211618326932	0.9173807514529274	0.755199762681149	0.7086086289902875	0.981023737880194	0.9128747188630557	0.9568919871856998	0.9571478149441254	0.8589922732456201	0.892951090413635	0.8637529127580849	0.851669574096426	0.7941442958543862	0.8918155543293264	0.8080191172012111	0.9285941839471644	0.7905801097523351	0.9882981080578108	0.7744658602455377	0.8077498680931121	0.8648010876203673	0.725550949522054	0.8905953786734658	0.9061893849586815	0.8859324968127792	0.9405950208633301	0.76563953566922	0.711855632757003	0.7682306378833138	0.7986052450994567	0.8418481563928193	0.8334214519367446	0.9530212330348768	0.8544663276607447	0.7899403140860684	0.8533841137702103	0.6962231688710636	0.8501097387591932	0.726072308187763	0.7643056910972745	0.792623320969991	0.6827976276407944	0.8660265863773552	1.0072081605551988	1.0540916683413042	0.8153937791297471	0.8063436198057405	0.6332002084471087	0.7891797676419463	0.6363318392197512	0.8405375310363798	0.7219189737900222	0.5836326879942403	0.6199024670032592	0.6189840138815307	0.6734239755995176	0.7844056454223673	0.6138029912934273	0.0	0.6131399251098453	0.7318372957310426	0.603313950768648	0.6484080316845647	0.9494322355098772	0.8252987815795756	0.720690723095578	0.818301506393433	0.6877075490672147	0.6761895835899978	0.8111414972926908	0.8255581753199546	0.8049621450995644	0.8355867236692593	0.9790302105915317
tébolyult [Target words / Insanity and madness]	0.9903296428504162	0.9671579388885245	0.8946771043790713	0.971152334662009	0.957365402116241	1.0077905842554942	0.9992924706968349	0.946475933124909	0.9469989948980594	0.9138327589772842	0.9540404480532384	0.8621815114421794	1.0076281110119256	1.0791365950905254	0.9842902959041971	0.7854468406522684	0.6621576872775048	0.7945210162266342	0.6437692389795648	0.6495459380756379	0.9809395117884329	0.7003719442339039	0.7722771756515677	0.8981636358269355	0.6671922537891619	0.7663964500428058	0.8952696140282123	0.895717363073344	0.9535191742007675	0.7592123341167679	0.7092956032907707	0.8298379024975078	0.7600840854258886	0.6844603126944614	0.8330876889446993	0.8355494620976969	0.7292599618346816	0.7489164790809761	0.6770471889171223	0.8734299018433779	0.5050636082717446	0.7113154106988242	0.8280025283777228	0.6909807077568291	0.6378863929590595	0.7207457918780378	0.6766939868732108	0.8655379502003836	0.49053277159638686	0.4677387342133099	0.6815026705849525	0.7619841234299899	0.5674097894987864	0.5803211651226321	0.8262132693175939	0.6940604193597771	0.47267384177240135	0.8047424927608363	0.5087788255507859	0.7809717573063667	0.6324403054765135	0.4453096645931076	0.7544183993223892	0.55046810240133	0.9295726997396032	1.0106311756333088	0.9973631094308965	0.7743646639945756	0.7321475090666738	0.6925515066647631	0.7751611645623359	0.6197215068253008	0.7844782750019166	0.7361379444658909	0.6084479442173938	0.6318525303046212	0.5919779966793508	0.41212756095214753	0.832795498664087	0.6117078940559447	0.6131399251098453	0.0	0.8118947058137589	0.5915629769832793	0.4491973683275433	0.8445973833146996	0.9789542112304839	0.8562603866027418	0.7397555779848759	0.5840513876632246	0.6775196955371887	0.8039549419257785	0.7924138019790437	0.764835020930042	0.7963902027179299	0.904413834414833
zakkant [Target words / Insanity and madness]	0.8445636258055029	0.9141454334775995	1.0194104662974575	0.9509660706961178	0.8764596163667895	0.9236502246974756	0.8466466855214061	0.8124691406899294	1.030284420715858	0.8442068119007768	0.8659999812056628	0.8733499426564798	0.9909088985209432	0.9608370260465109	0.9128873277079583	0.8819742132607554	0.8919785422280336	1.0410675379595289	0.9634125734534413	0.9590952550709975	0.949661050081863	0.9467986602186631	1.0746520909720827	0.9602617084484687	0.88474345057322	0.8809009205735795	0.9971490489335311	0.9706225506029721	0.996494283798489	1.0739172550469775	0.9693518284604016	1.0154042819249307	1.0506317376861287	1.055991744826845	0.9086125186154816	0.9471128486948558	0.9595161832251897	0.9706644027015735	0.8690900447560691	0.9883292766932927	0.9129831951738099	0.9455272319266637	0.8788353612387922	0.9066072287943685	0.9450334326435582	0.9083034174533565	0.9419285286085735	0.9138810221325612	0.9708848806994758	0.9557475809141189	0.8221665552401456	0.8287474295663998	0.9230716220670383	0.9736304103473062	0.9504568507066988	0.9157739058806174	0.9786667632442039	0.9449486580103285	0.8669397097597022	0.9111449426182235	0.8546347605330513	0.9086320553154946	0.8516570462005899	0.8714998681096777	0.9013185171229202	1.0051579588870667	0.978668758980322	0.8020378155828465	0.8322940680020823	0.8145914398067475	0.7587101166106389	0.7953110079156057	0.882061975596203	0.8736271651278387	0.858914929732606	0.6949350249515155	0.793529443805117	0.8491818398008919	0.7531705445306575	0.7586876790213053	0.7318372957310426	0.8118947058137589	0.0	0.8106998157043546	0.8007921382315984	0.8940041122173541	0.8640960903592636	0.8268038273674388	0.9187319352854002	0.8550388662094499	0.8362155767753842	0.8155359887598674	0.8882020325479417	0.8031908210703554	0.9312494657981647	0.9057491253706438
ütődött [Target words / Insanity and madness]	0.9541932375121995	0.9875882144586343	0.9297663822044926	0.991002486007602	0.9861711209109175	0.9691575058598704	0.9703140361749009	0.9365074767661098	1.0138411537047938	0.945392235090758	0.9078604627925647	0.8917568124820326	0.956279435250217	0.9807990508280573	1.0229124963352583	0.6689103329194757	0.783012357262899	1.032401088565422	0.8182604945035948	0.7889584410443876	0.8964484520295811	0.8600654666079188	0.8933235558687931	0.8492467049122128	0.7050510876346673	0.7215232498974273	0.8598095315485581	0.9244280513818651	0.9718582021017579	0.912537760467075	0.8729494341443894	0.9110026752286956	0.8532614466172517	0.787741412996827	0.6998828965449876	0.8587391561244335	0.7761192706472815	0.8237181959655965	0.738065975141636	0.903522759850047	0.7234768750733411	0.8025897216353456	0.7953783148516316	0.6704214337605291	0.8326128311842609	0.7724209934450008	0.7882636548365127	0.8421837387013985	0.6771981083083237	0.5839753044051166	0.6037511265914945	0.6507568200242622	0.698079823759771	0.7366529748122417	0.780569235657758	0.799292605897184	0.732602785325014	0.8408884179670617	0.6357060950553823	0.8899304429983442	0.7706618294575529	0.7471490463851188	0.721689731026688	0.5950940293550798	0.8592805641043266	0.9103013829778683	0.9181521725774707	0.8095355295931688	0.81672525573937	0.5723308358646548	0.8238376336710751	0.6694539732322293	0.7936007019707298	0.7423289350988183	0.6368475373209828	0.6145182924018422	0.6561866996872323	0.6003420348164819	0.750906492325355	0.5954373673241204	0.603313950768648	0.5915629769832793	0.8106998157043546	0.0	0.6232896920559845	0.9800724157651748	0.929449308199181	0.7481694428804653	0.8155728085257321	0.7346768896105933	0.736463631395557	0.7404918636385862	0.8619481744786601	0.7935077751659041	0.8071782571813831	0.8754653800454771
őrült [Target words / Insanity and madness]	0.9748545743238136	1.0420627047581996	0.8490828901637608	0.9612352830664967	0.8873095335789893	0.9878069358039914	0.9602602161525113	0.9309547387409413	0.9680879768327931	0.9968650168390826	0.968917822819919	0.928946011586	1.0380580612179722	1.031020659028158	0.9628488324249678	0.7803717794385939	0.7337774560182886	0.8473878721766632	0.6963196872620163	0.6963877632451105	0.9384315265805385	0.6193321929738935	0.781258902216696	0.8067731248775412	0.700317245095306	0.8373989317932681	0.8727180042779996	0.9028911127975828	0.9237388981478687	0.8845962977328345	0.7197814440488228	0.8334074036718108	0.8066781174842265	0.7280339097909244	0.773674871053158	0.7651006613355837	0.7752776104417924	0.7438147421941768	0.6812909615757015	0.8474666076233599	0.5677776147379425	0.6836606382609907	0.7885745198942017	0.6932596202837701	0.759152520027651	0.8201434006834895	0.8285988762077983	0.8018490481858509	0.5166988619918593	0.5855841123052049	0.6559857438596232	0.6533701961050153	0.6159019796983958	0.5505490847796635	0.848275140903515	0.753148523708042	0.5325371694919878	0.7809792659450885	0.5421622000492261	0.8443217486309768	0.7397421423763487	0.5531503571839517	0.6782814313164205	0.524117983947302	0.8668238027340588	0.9975387872041114	0.9658039342085537	0.7599708362518541	0.806663393622382	0.6762463531656955	0.7570203313380922	0.5526367296689689	0.6899129396843074	0.7052060499950901	0.4894601042630513	0.591961977911716	0.4933870575488353	0.43345867045802056	0.7036708463887633	0.6496719154809245	0.6484080316845647	0.4491973683275433	0.8007921382315984	0.6232896920559845	0.0	0.9076246024940917	0.904129087728844	0.8286614034363302	0.7292100519000047	0.5506990755117837	0.7361683920859308	0.8416447073764131	0.821761497668331	0.8249065946255302	0.8791935719701507	0.9437750367755854
bipoláris [Target words / Mood disorder]	0.6636667286383929	0.7667814127181265	0.8701067521456674	0.7328701907922031	0.7291517600540035	0.5780588480477742	0.692311843106926	0.6899433299985963	0.8666572822070233	0.7099104262755336	0.8936991135766807	0.5190622882166447	0.7414037784084466	0.6322891407128893	0.6481128345425766	1.069507455118602	0.9686673678278349	0.8701048510544435	0.9952611004948292	0.9415023925094436	1.0535870190865226	0.9830408691525299	0.895457817812082	1.0240731647826733	1.0728182847520387	1.1167080353142693	1.0220518832153813	1.0148509940501096	1.0227684114048166	0.9659189804890651	1.0390258370988041	1.0028786701737216	1.1108687945006892	1.0683206235755	1.0199470402508302	1.0498124539520584	1.0944269592214018	0.8246751989220287	1.0430230796422715	1.0825747636349916	0.8655672464563124	0.947512828751683	0.9983716350220195	0.9254515135902489	0.915586190094452	0.8704767816990273	0.8388733919990053	1.0626994041031697	0.8696919442526853	0.8955221544782579	0.904462235207252	0.9390355605158464	0.8095423047007738	0.9377185049312576	0.8798650954912031	0.952918207759786	0.8638561580182844	0.8708419295921762	0.9214453882748483	0.9753982677815944	0.9311350446325268	0.8508003555099048	1.0287418331363813	0.9053558065054217	0.9283403454762987	0.8074738523867486	0.7171402470528807	0.6900717737575035	0.5760565136115992	0.934971299419123	0.5281037661739476	0.7159736852752013	0.6650327903305687	0.8575749410334965	1.0130385637941006	0.9732643923369946	0.8404228645628933	0.893916206472599	0.9769184340839809	0.9687146993317961	0.9494322355098772	0.8445973833146996	0.8940041122173541	0.9800724157651748	0.9076246024940917	0.0	0.8550367435213528	0.7562095385776721	0.6917478533970902	0.9766842001858881	0.6010558132256814	0.73610543043284	0.5360930879417258	0.730166861901351	0.8110670069143057	0.6019394171945548
autista [Target words / Neurodevelopmental]	0.8141309500949789	0.8422848623401471	0.9381196344233635	0.9348663982297052	0.8103684376213129	0.7213139110611557	0.8485901521551047	0.8560148672127348	0.8886761584210258	0.921980668749395	0.8527555809870021	0.6382447314490869	0.7944489843029436	0.8430682725247878	0.8324457029989996	0.8877831263058459	0.9556176718284591	1.0494035965744588	0.9479801969469088	1.0094076093285949	0.9760895979060041	0.9720773639490886	0.9684311490855944	0.9660166290118547	0.8817852733797613	0.883986058982116	0.9781304546099269	0.9420643477087421	0.9256987652812553	1.0730854513210302	0.9787098384931965	0.9376135338620396	1.1267923238534108	1.0831049503571764	1.040405880533573	1.0015452623808059	1.0366217330410727	0.9564773862376391	0.9423450615264557	0.9627381104744347	0.9770813128949474	0.9403137232160943	1.0388374334919759	0.9362967745524353	1.0819952412416922	1.017754964854923	0.9469423654538692	1.0143301656390868	0.9906484094506259	1.0227998563986325	0.9238030586721528	0.9657335662887616	0.9088872206236385	1.0073722201027437	1.0027403509981816	1.0719377900153078	1.0015263898146434	0.95717341482208	0.9742930888805206	0.9684532622172305	0.9372525669733933	0.9573103098913085	0.9926143311114674	0.9807474683310602	0.8600634226982306	0.9772573469744541	0.9061726356614674	0.6978216849309641	0.7956528658146349	0.7916200488809029	0.7521358842633007	0.8345677550274359	0.7697288427885549	0.8238486290125326	0.9428147737925533	0.9400056298728221	0.689717066172362	0.9536510069164146	0.910026902257313	0.8540188133444587	0.8252987815795756	0.9789542112304839	0.8640960903592636	0.929449308199181	0.904129087728844	0.8550367435213528	0.0	0.5422635953713056	0.813113919372565	0.9208063250554871	0.6147682610699142	0.7073403255286042	0.6464297476693466	0.7576993567022471	0.7576866174412537	0.7512595402351626
hiperaktív [Target words / Neurodevelopmental]	0.7544966905901956	0.7981595464285324	0.7696544803835806	0.7743405788139903	0.7939054862849159	0.6990270029426124	0.7697814752282182	0.8207149647179071	0.8026678380969331	0.8510313136450469	0.7923526386385145	0.570480642238367	0.7175924618813612	0.7442737132883817	0.7427942378336907	0.7920882867495784	0.8295892814693624	0.9733071852770917	0.9338537728425048	0.950135386910427	0.9106963903656913	0.8637348775822603	1.026607145111892	0.7951751840691028	0.7199615675450783	0.8253524772868105	0.8228703140557182	0.8751827083521616	0.8898301471477911	1.0775054783321996	0.9309674550084076	0.8233337356089129	1.0354180626351588	1.0468139435653918	0.8920453626533911	0.8459974693273837	0.902378870647979	0.8773633841221902	0.7564003900350837	0.8450741133035368	0.8523182125139636	0.7795524691096695	0.8271721662829203	0.762878986896445	0.9334309835770705	0.8100350246915444	0.7708861622069496	0.7831318405304145	0.8692168245212224	0.8948054325814696	0.6668717608802616	0.7266632741525918	0.7749278701967406	0.8491411771347996	0.7669913557098312	0.8556604564813766	0.8597284188691969	0.7690694968350271	0.8358008485006582	0.8867563752016849	0.8434674590282056	0.8580650245647684	0.775682508801127	0.8266092990517625	0.7723464273886353	0.8787906957808982	0.7475825499403526	0.5449200559485288	0.6156664235274592	0.5248761663875721	0.5509711915963762	0.6334369376768162	0.6727328436175644	0.6934454576532426	0.8133956313930898	0.7486772871187581	0.6569283056749595	0.8613573153018205	0.7647857365163323	0.7603605525757996	0.720690723095578	0.8562603866027418	0.8268038273674388	0.7481694428804653	0.8286614034363302	0.7562095385776721	0.5422635953713056	0.0	0.6266028633703565	0.808066131584097	0.4590105025319693	0.5326659359391137	0.5441963997553403	0.7255412440925528	0.759414515482965	0.7172105736231172
kényszeres [Target words / Neurosis and compulsion]	0.7374158014600813	0.787448410679552	0.8215630929982378	0.7150750865730927	0.8261029125603656	0.6414670781650978	0.7651362586437971	0.8351128730063991	0.8479311908053226	0.8552493870317648	0.8561185377762303	0.5393360476831903	0.7282019597596472	0.6926426720720879	0.7114816509678916	1.0118989477940918	0.873633971305258	0.861715553175382	0.9340384723569026	0.8787075163809891	0.9252695584475524	0.88761186634208	0.7733991847024559	0.8058814175255252	0.7865893480968289	0.9263157999274979	0.8624949353046742	0.9428395698948561	0.9911252716244393	0.9554809810478059	0.9117984100372237	0.826422562874959	0.9879005957994568	1.016087597673966	0.9788622874075694	0.9275291868410429	0.9639032591978427	0.7082004885558855	0.8130701721677781	0.8506319323710918	0.7668261966765072	0.8348110743604387	0.7226164855169677	0.76484060768983	0.7832109466332436	0.8211045484542193	0.6487904374612148	0.7993199498894104	0.7792175906525765	0.7571701312592596	0.7077728047171046	0.6977765090716577	0.6765303121899071	0.8162469037296038	0.6808637945701255	0.761376628688982	0.7859390582024299	0.7032036640488861	0.7856088440348568	0.8769881879567493	0.862414423766778	0.7580918491341075	0.8095370223584062	0.7491992175227695	0.8138069608250689	0.8043818473331521	0.7576888241509164	0.5978284810869208	0.44301265409555624	0.7506000017620321	0.5328453654850436	0.5449649897498976	0.585449910424001	0.733838339674403	0.825395112100061	0.8885156665136856	0.6595075718431487	0.6896073671832152	0.9656070543523818	0.8885698251013935	0.818301506393433	0.7397555779848759	0.9187319352854002	0.8155728085257321	0.7292100519000047	0.6917478533970902	0.813113919372565	0.6266028633703565	0.0	0.7888003256883579	0.44836135238685304	0.558851002254571	0.5095007148462689	0.714901594335871	0.7458777464490105	0.6268657113399121
megszállott [Target words / Neurosis and compulsion]	0.9437362163157157	1.1027900664400307	0.8846906612566516	1.0196852805251548	1.0137751190932482	0.9896579036153791	1.014505858810334	0.9873369759777936	0.9924818690437355	0.9775252587355461	0.973650996537387	0.9807918936439458	1.0503799411381354	1.0318196418754595	1.0203535873074059	0.8150210207338511	0.7754579400563439	0.9075167822065842	0.6989709750239448	0.7307759720878071	0.8669380333283416	0.6620282613833604	0.8506963305139223	0.7827216282675296	0.657200748704653	0.7524609142736468	0.8748432142161929	0.6784520702940616	0.6621075870470912	0.8485558365284022	0.5954944874183965	0.867180142303381	0.7935859330776898	0.7546197447384698	0.8036339977902722	0.6930058805009895	0.8226992509057197	0.77783434702286	0.7049281264916265	0.8271381201928383	0.7768502405939846	0.8971603729727109	0.819090710325391	0.8886104679180566	0.7968540231850176	0.8770010150441336	0.8951578255481034	0.8582207860778686	0.6523957586036604	0.7585401546447671	0.8266596547476376	0.7955544512549598	0.796288606941425	0.8448881049556125	0.90201673223705	0.8332747118424486	0.7832732447272868	0.8766476084189497	0.7922073497210897	0.8107019674569514	0.7701126453367364	0.79164992919264	0.785260321553395	0.756985773297286	0.8095852480503853	1.016308831449062	1.0186041552256047	0.8080332443833163	0.7886424529702636	0.7194262430719833	0.8038857756767753	0.6507596520834181	0.9150919574907777	0.8171306223548233	0.7185757316267021	0.6827163054868328	0.6214537765719592	0.6626133387721902	0.7705217286735635	0.6301998351622007	0.6877075490672147	0.5840513876632246	0.8550388662094499	0.7346768896105933	0.5506990755117837	0.9766842001858881	0.9208063250554871	0.808066131584097	0.7888003256883579	0.0	0.7183992328041171	0.8700988618956444	0.8208242923501745	0.8778654533563712	0.9022350455004184	0.9818619176342018
neurotikus [Target words / Neurosis and compulsion]	0.6630854615857823	0.7170358190925409	0.7715944602050229	0.7009544952899481	0.7089989223585921	0.6111239464650355	0.7272408008739002	0.7016257174851812	0.7593066915208107	0.7769600787888462	0.7995844122440458	0.42368893426231236	0.7041223395801844	0.6746167088561648	0.6657856437032537	0.8485301540395689	0.7904745726132477	0.835312940501872	0.9052759330436907	0.8535778667281071	0.9263860813247852	0.890835135007592	0.8730029033004317	0.8304252191815809	0.7386688436941384	0.8417702996201034	0.8653962863138837	0.9076547388317691	0.9368315737929507	0.9850302587266432	0.90742898766158	0.8046526519350735	1.0149684660800053	0.9919413187102257	0.9097401951593213	0.9305700564180966	0.9145623616859437	0.8220332441639735	0.7566118176162334	0.8862923032103296	0.7004073341148541	0.7153398400439553	0.7746646753122418	0.7383531410948785	0.7707157535010288	0.7634006475297801	0.6402218436147722	0.8347416664063722	0.7428821944311821	0.7005263641147194	0.6376174694898091	0.7167194164883878	0.6910712716371192	0.7819140676521485	0.6864230790936345	0.7537597145507142	0.7320383277939755	0.6952803398134821	0.7329192612109103	0.8093296355535636	0.7196378803761565	0.6914187929695025	0.8013042204683746	0.7117668255910674	0.7650740427438427	0.8226630655745841	0.7096083337415768	0.39363953147346464	0.3989883072173108	0.5881600073665223	0.45425505300770774	0.49021218625188945	0.5698665529519086	0.590538453716714	0.8070700108462585	0.7767267896869352	0.5464315587964199	0.7188703499502573	0.8759517038650737	0.7588339886761131	0.6761895835899978	0.6775196955371887	0.8362155767753842	0.736463631395557	0.7361683920859308	0.6010558132256814	0.6147682610699142	0.4590105025319693	0.44836135238685304	0.7183992328041171	0.0	0.481483990196915	0.3576735011357308	0.5985095586196889	0.6248352094750067	0.5300953958002919
fóbiás [Target words / Panic and phobia]	0.6187999426571824	0.7604825855388524	0.7995393201879653	0.7091251686816095	0.6840536794314369	0.5880907462800943	0.7088963232279752	0.6786001217689261	0.8167230891045737	0.7855773328189343	0.825350249168477	0.5245300911619439	0.6697007017585712	0.6682643015167729	0.6977527375696517	0.8708985627650007	0.8757112155703504	1.0097321226823455	0.9585613625470893	0.9031183938917571	0.9697943444037541	0.952537707277402	0.9221225111744371	0.9592801213761818	0.7963784676175489	0.8291106185497502	0.9389854421503886	1.0034317860952415	1.029153943123181	1.0125499032389929	1.0128886564183457	0.9436846330200215	1.0771136371499521	1.0437218775447672	0.9942050254288718	1.010956049830922	0.9660290287663301	0.9590532993992349	0.8746604869182548	0.9709321008159922	0.8231250201755731	0.8623160006443936	0.7973529735611109	0.7999006732222369	0.8294051443311878	0.8325860720517659	0.7282819519351469	0.8917915461386092	0.8289107898465621	0.8137937985368149	0.6620884943114416	0.7695311452710524	0.7175786954485663	0.8292934394813356	0.732125000645208	0.8406810947141321	0.7979526361818738	0.8463757838692182	0.8206801668914887	0.9253296975638345	0.8384041675131229	0.7840220310739672	0.8734965467163585	0.7892636625617763	0.8279135609592453	0.8393966183367487	0.7378267409933372	0.5316227739567003	0.5579223569029101	0.6728561124212361	0.5486863945836603	0.6175315244452697	0.6993856804967196	0.7780850677409228	0.8619677233533529	0.7947567003474337	0.6727086394996202	0.7780469870233143	0.9164359878778022	0.776027230995208	0.8111414972926908	0.8039549419257785	0.8155359887598674	0.7404918636385862	0.8416447073764131	0.73610543043284	0.7073403255286042	0.5326659359391137	0.558851002254571	0.8700988618956444	0.481483990196915	0.0	0.48333827448238276	0.5966369693026582	0.7410239838179045	0.5728007851114048
pszichotikus [Target words / Psychotic spectrum]	0.5884915786662199	0.6301232930301264	0.7743677452608599	0.6295365385912676	0.707761829756588	0.5143172587589657	0.6610760085299847	0.638371238193006	0.7030228770363167	0.7401277727988549	0.842500621315573	0.4171623499324958	0.5965744999641336	0.5422304118169297	0.5495409019822539	0.956489481446522	0.9032702108039286	0.9421218577956831	0.9148900405067613	0.8487813557549779	0.9813106355498675	0.8551242312969579	0.9135156517116602	0.8944380145771708	0.8511473941738338	0.9576031269785673	0.8675819011713142	0.895753076594936	0.9237569282043141	1.0209890056522994	0.9283785598835804	0.8977334231044429	0.9923498427104299	1.0132271189840643	0.976710989863323	0.8980072108340165	0.9939772059167606	0.8343991035047182	0.8705674357265334	0.9425423524639568	0.728126101190151	0.8199481141828194	0.8326267660454807	0.8350517093523657	0.8431065622470061	0.7998570439753105	0.704095920482783	0.9317298695063484	0.7790654455045534	0.8000222853397425	0.7249799239249723	0.7622029904867839	0.6855646395789836	0.8397307067004165	0.7018272185139641	0.8244514339815838	0.8042999385817857	0.7692339082798886	0.7649257472405283	0.7950376792812832	0.8226347231805224	0.7468234577921239	0.8981551140874976	0.8142015553574754	0.8157092008350335	0.8023968625855137	0.6497449458379209	0.4233818424033743	0.38698158062991184	0.7443741126584952	0.381120070059887	0.5910844189389479	0.5603774689740574	0.651755825534988	0.9444759325570425	0.8420447442361271	0.5785910131189045	0.7933362084158752	0.8998297770152184	0.8095421227064954	0.8255581753199546	0.7924138019790437	0.8882020325479417	0.8619481744786601	0.821761497668331	0.5360930879417258	0.6464297476693466	0.5441963997553403	0.5095007148462689	0.8208242923501745	0.3576735011357308	0.48333827448238276	0.0	0.5888584954287611	0.685358565405114	0.4399535660006184
szkizofrén [Target words / Psychotic spectrum]	0.7725291150953075	0.8336951207043264	0.8339346827810632	0.7897429860300442	0.7643360532186863	0.6563760032759882	0.7742829056685963	0.734283762904981	0.7892400215418816	0.7723999853907074	0.8504574731345548	0.6527925138972204	0.8019066259221549	0.7666590523959786	0.733684918261245	0.9321546638058876	0.8977267425209203	0.9750064496005989	0.9823644651682699	0.9876087881068263	0.9468853438636212	0.9594394940352915	0.9672423341027373	0.9428634147484073	0.8675515414354471	0.9338026995417861	0.9620781045884753	0.9617859991669363	0.9971887287024493	1.0688645446187428	0.9697954004441074	0.9820911797859083	1.0304687299142536	1.016999031207561	0.9844790482075289	1.005851348072174	0.9983646274534815	0.9519989423001702	0.9092547939882996	0.9865414947574918	0.8015412774604929	0.8524226022064231	0.8809919292126334	0.8474941114646171	0.8979393938143948	0.8769557230515486	0.8208688195460738	0.9135881203963961	0.8176429289137636	0.7926847823134948	0.7887350957314548	0.8702540815958005	0.793572317373459	0.8907233657387654	0.8447453725407529	0.9057354676435949	0.8339893138907908	0.853774598048001	0.8041929992710699	0.8608458718510448	0.8154733181654805	0.8033173014494248	0.8777609869705992	0.7600410061378149	0.8481227181124672	0.921754718914114	0.7673827599930942	0.5774055388810329	0.6471916670611892	0.7229560492528788	0.653486116288112	0.6587567239527228	0.7192772638848892	0.7320793567092014	0.8157129094030748	0.8488915618477544	0.6306063881540924	0.8231940220465447	0.9280085601624674	0.8416829823509866	0.8049621450995644	0.764835020930042	0.8031908210703554	0.7935077751659041	0.8249065946255302	0.730166861901351	0.7576993567022471	0.7255412440925528	0.714901594335871	0.8778654533563712	0.5985095586196889	0.5966369693026582	0.5888584954287611	0.0	0.783325779122285	0.6578420857517436
traumatizált [Target words / Trauma]	0.856497413676699	0.8791769894497582	1.010285772410886	0.925896986794938	0.8524605957417595	0.8171417738683133	0.8630115572779401	0.8243136961200509	0.9518541699809634	0.809470904426247	0.8897145141648566	0.7372169364037354	0.8600322150339332	0.9004476648799209	0.8328749728652693	0.8975912743197542	0.8714295840575751	0.9412136448804049	0.8686917902577449	0.8526761518439784	1.1068980669479862	0.9436050391563229	0.8573738563075008	0.9809851387470978	0.9596322823192244	0.8940983274953739	0.9259232876670559	0.9871177771063344	1.0050162153973237	0.8908767068040452	0.9461468967784107	0.9395625028339811	0.9737360160140593	0.9695436737232597	0.9601314015476425	0.998954479250963	0.9077470917334222	0.9688336436771667	0.8988945971093165	0.972040570500584	0.7913043039942504	0.792172258061251	0.9189317716997942	0.8453772203382358	0.8588400220795329	0.8754948084959484	0.7820437531064395	0.9284786408653665	0.8381769804067581	0.8428047217861653	0.8716274786149434	0.8729051407538715	0.8415357298048933	0.7715138990958672	0.8502022950891442	0.8800361054195777	0.7556884759955015	0.9120827844745192	0.8255530617174834	0.8828635190733746	0.8237256339143957	0.7398439949414396	0.970150882959158	0.8115402502655626	0.8520677368852922	0.9078938228617163	0.9155995692417145	0.7517890858427838	0.6932698051636638	0.8188964232969793	0.7916509303092975	0.830651489597005	0.7653919205286144	0.8058181542025165	0.912190747980451	0.8810983936171204	0.7664417380599253	0.8090864020457331	0.8817206256032953	0.8518664222464178	0.8355867236692593	0.7963902027179299	0.9312494657981647	0.8071782571813831	0.8791935719701507	0.8110670069143057	0.7576866174412537	0.759414515482965	0.7458777464490105	0.9022350455004184	0.6248352094750067	0.7410239838179045	0.685358565405114	0.783325779122285	0.0	0.6799679600144479
traumás [Target words / Trauma]	0.5538067203147365	0.6402783646993551	0.8048410909951812	0.6200012208871835	0.6331093608105136	0.48382641186900066	0.6636491546634824	0.6247796673356204	0.7457282477184092	0.648288445179541	0.8191353812512615	0.4704536171676247	0.5779632954234314	0.5600133212271009	0.5317593808476189	1.015124752929402	0.9746294997207352	1.0202996115270946	0.9867643502809992	0.9437989174437775	1.012042519647877	0.9721173366641431	0.9574351291098204	0.9901464505797472	0.9690725241885136	1.048034448198762	0.9106392046250713	0.961014713810208	0.9747359774836258	1.0417994340821128	1.0283800877236704	0.9352202989379677	1.064957258650759	1.0673835770172138	1.038611516035868	0.9849307789032223	1.0468410302917597	0.9041933552644716	0.9539054281392292	1.0133555441557438	0.8027974952357391	0.8789779563021103	0.865550960444948	0.8856586491913074	0.8867739596978785	0.8323243284657083	0.6538965906939882	0.9407654300009742	0.8591614018254723	0.8803391837165422	0.7870900773494298	0.8652271098652247	0.7817179545000184	0.8500282691816989	0.6899097133872338	0.854882334374626	0.8535677731804487	0.8584884709628782	0.8595790200346425	0.9178144097600177	0.8696666805833349	0.7812445640197048	1.014402183738266	0.9374378966103982	0.8840699375523208	0.8353029097364426	0.629165717963857	0.6043541567851618	0.5188752504666165	0.8354575709011522	0.5462675312138427	0.7561092039684134	0.6390480747891694	0.7989367225209111	1.0129498895899127	0.9942699321996151	0.7852771801165059	0.9119612142118521	0.9592943871370042	0.9499106309323098	0.9790302105915317	0.904413834414833	0.9057491253706438	0.8754653800454771	0.9437750367755854	0.6019394171945548	0.7512595402351626	0.7172105736231172	0.6268657113399121	0.9818619176342018	0.5300953958002919	0.5728007851114048	0.4399535660006184	0.6578420857517436	0.6799679600144479	0.0
